
==========================================================================
finish report_tns
--------------------------------------------------------------------------
tns max 0.00

==========================================================================
finish report_wns
--------------------------------------------------------------------------
wns max 0.00

==========================================================================
finish report_worst_slack
--------------------------------------------------------------------------
worst slack max 0.60

==========================================================================
finish report_clock_min_period
--------------------------------------------------------------------------
core_clock period_min = 5.40 fmax = 185.10

==========================================================================
finish report_clock_skew
--------------------------------------------------------------------------
Clock core_clock
   0.66 source latency issue_stage_i.i_issue_read_operands/fu_data_o[205]$_DFF_PN0_/CK ^
  -0.36 target latency i_cache_subsystem.i_nbdcache/sram_block_4__data_sram.genblk1_0__i_ram/macro_mem_1/clk ^
   0.00 CRPR
--------------
   0.31 setup skew


==========================================================================
finish report_checks -path_delay min
--------------------------------------------------------------------------
Startpoint: rst_ni (input port clocked by core_clock)
Endpoint: issue_stage_i.i_scoreboard/mem_q[769]$_DFF_PN0_
          (removal check against rising-edge clock core_clock)
Path Group: asynchronous
Path Type: min

Fanout     Cap    Slew   Delay    Time   Description
-----------------------------------------------------------------------------
                          0.00    0.00   clock core_clock (rise edge)
                          0.00    0.00   clock network delay (propagated)
                          0.00    0.00 ^ input external delay
     1    2.17    0.00    0.00    0.00 ^ rst_ni (in)
                                         rst_ni (net)
                  0.00    0.00    0.00 ^ hold41790/A (CLKBUF_X1)
     1    1.77    0.01    0.03    0.03 ^ hold41790/Z (CLKBUF_X1)
                                         net41789 (net)
                  0.01    0.00    0.03 ^ hold38725/A (CLKBUF_X1)
     1    0.90    0.01    0.03    0.05 ^ hold38725/Z (CLKBUF_X1)
                                         net38724 (net)
                  0.01    0.00    0.05 ^ hold38717/A (CLKBUF_X1)
     1    0.91    0.01    0.03    0.08 ^ hold38717/Z (CLKBUF_X1)
                                         net38716 (net)
                  0.01    0.00    0.08 ^ hold38726/A (CLKBUF_X1)
     1    0.87    0.01    0.03    0.10 ^ hold38726/Z (CLKBUF_X1)
                                         net38725 (net)
                  0.01    0.00    0.10 ^ hold38713/A (CLKBUF_X1)
     1    1.23    0.01    0.03    0.13 ^ hold38713/Z (CLKBUF_X1)
                                         net38712 (net)
                  0.01    0.00    0.13 ^ hold38727/A (CLKBUF_X1)
     1    1.20    0.01    0.03    0.15 ^ hold38727/Z (CLKBUF_X1)
                                         net38726 (net)
                  0.01    0.00    0.15 ^ hold38718/A (CLKBUF_X1)
     1    1.87    0.01    0.03    0.18 ^ hold38718/Z (CLKBUF_X1)
                                         net38717 (net)
                  0.01    0.00    0.18 ^ hold38728/A (CLKBUF_X1)
     1    1.25    0.01    0.03    0.21 ^ hold38728/Z (CLKBUF_X1)
                                         net38727 (net)
                  0.01    0.00    0.21 ^ hold38711/A (CLKBUF_X1)
     1    0.90    0.01    0.03    0.24 ^ hold38711/Z (CLKBUF_X1)
                                         net38710 (net)
                  0.01    0.00    0.24 ^ hold38729/A (CLKBUF_X1)
     1    0.90    0.01    0.03    0.26 ^ hold38729/Z (CLKBUF_X1)
                                         net38728 (net)
                  0.01    0.00    0.26 ^ hold38719/A (CLKBUF_X1)
     1    0.96    0.01    0.03    0.29 ^ hold38719/Z (CLKBUF_X1)
                                         net38718 (net)
                  0.01    0.00    0.29 ^ hold38730/A (CLKBUF_X1)
     1    1.00    0.01    0.03    0.31 ^ hold38730/Z (CLKBUF_X1)
                                         net38729 (net)
                  0.01    0.00    0.31 ^ hold38714/A (CLKBUF_X1)
     1    1.00    0.01    0.03    0.34 ^ hold38714/Z (CLKBUF_X1)
                                         net38713 (net)
                  0.01    0.00    0.34 ^ hold38731/A (CLKBUF_X1)
     1    0.98    0.01    0.03    0.36 ^ hold38731/Z (CLKBUF_X1)
                                         net38730 (net)
                  0.01    0.00    0.36 ^ hold38720/A (CLKBUF_X1)
     1    0.97    0.01    0.03    0.39 ^ hold38720/Z (CLKBUF_X1)
                                         net38719 (net)
                  0.01    0.00    0.39 ^ hold38732/A (CLKBUF_X1)
     1    1.51    0.01    0.03    0.42 ^ hold38732/Z (CLKBUF_X1)
                                         net38731 (net)
                  0.01    0.00    0.42 ^ input3782/A (CLKBUF_X3)
     1    1.81    0.01    0.03    0.44 ^ input3782/Z (CLKBUF_X3)
                                         net3781 (net)
                  0.01    0.00    0.44 ^ hold38733/A (CLKBUF_X1)
     1    1.82    0.01    0.03    0.47 ^ hold38733/Z (CLKBUF_X1)
                                         net38732 (net)
                  0.01    0.00    0.47 ^ hold38721/A (CLKBUF_X1)
     1    2.18    0.01    0.03    0.50 ^ hold38721/Z (CLKBUF_X1)
                                         net38720 (net)
                  0.01    0.00    0.50 ^ hold38734/A (CLKBUF_X1)
     1    1.80    0.01    0.03    0.53 ^ hold38734/Z (CLKBUF_X1)
                                         net38733 (net)
                  0.01    0.00    0.53 ^ hold38715/A (CLKBUF_X1)
     1    1.67    0.01    0.03    0.56 ^ hold38715/Z (CLKBUF_X1)
                                         net38714 (net)
                  0.01    0.00    0.56 ^ hold38735/A (CLKBUF_X1)
     1    1.65    0.01    0.03    0.59 ^ hold38735/Z (CLKBUF_X1)
                                         net38734 (net)
                  0.01    0.00    0.59 ^ hold38722/A (CLKBUF_X1)
     1    1.62    0.01    0.03    0.62 ^ hold38722/Z (CLKBUF_X1)
                                         net38721 (net)
                  0.01    0.00    0.62 ^ hold38736/A (CLKBUF_X1)
     1    2.71    0.01    0.03    0.65 ^ hold38736/Z (CLKBUF_X1)
                                         net38735 (net)
                  0.01    0.00    0.65 ^ hold38712/A (CLKBUF_X3)
     1    1.83    0.01    0.03    0.67 ^ hold38712/Z (CLKBUF_X3)
                                         net38711 (net)
                  0.01    0.00    0.67 ^ hold38737/A (CLKBUF_X1)
     1    1.50    0.01    0.03    0.70 ^ hold38737/Z (CLKBUF_X1)
                                         net38736 (net)
                  0.01    0.00    0.70 ^ hold38723/A (CLKBUF_X1)
     1    1.63    0.01    0.03    0.73 ^ hold38723/Z (CLKBUF_X1)
                                         net38722 (net)
                  0.01    0.00    0.73 ^ hold38738/A (CLKBUF_X1)
     1    2.36    0.01    0.03    0.76 ^ hold38738/Z (CLKBUF_X1)
                                         net38737 (net)
                  0.01    0.00    0.76 ^ hold38716/A (CLKBUF_X3)
     1    3.37    0.01    0.03    0.79 ^ hold38716/Z (CLKBUF_X3)
                                         net38715 (net)
                  0.01    0.00    0.79 ^ hold38724/A (CLKBUF_X3)
    17   87.39    0.06    0.08    0.87 ^ hold38724/Z (CLKBUF_X3)
                                         net38723 (net)
                  0.06    0.00    0.87 ^ issue_stage_i.i_scoreboard/mem_q[769]$_DFF_PN0_/RN (DFFR_X1)
                                  0.87   data arrival time

                          0.00    0.00   clock core_clock (rise edge)
                          0.00    0.00   clock source latency
     1   53.38    0.00    0.00    0.00 ^ clk_i (in)
                                         clk_i (net)
                  0.02    0.02    0.02 ^ wire38705/A (BUF_X16)
     2   55.41    0.01    0.02    0.04 ^ wire38705/Z (BUF_X16)
                                         net38704 (net)
                  0.02    0.02    0.06 ^ clkbuf_regs_0_core_clock/A (CLKBUF_X3)
     1    1.82    0.01    0.03    0.09 ^ clkbuf_regs_0_core_clock/Z (CLKBUF_X3)
                                         clk_i_regs (net)
                  0.01    0.00    0.09 ^ clkbuf_0_clk_i_regs/A (CLKBUF_X3)
     2   44.68    0.03    0.06    0.15 ^ clkbuf_0_clk_i_regs/Z (CLKBUF_X3)
                                         clknet_0_clk_i_regs (net)
                  0.04    0.01    0.16 ^ clkbuf_1_0_0_clk_i_regs/A (CLKBUF_X3)
     2   23.86    0.02    0.06    0.22 ^ clkbuf_1_0_0_clk_i_regs/Z (CLKBUF_X3)
                                         clknet_1_0_0_clk_i_regs (net)
                  0.02    0.00    0.22 ^ clkbuf_2_0_0_clk_i_regs/A (CLKBUF_X3)
     2   25.82    0.02    0.05    0.27 ^ clkbuf_2_0_0_clk_i_regs/Z (CLKBUF_X3)
                                         clknet_2_0_0_clk_i_regs (net)
                  0.02    0.01    0.28 ^ clkbuf_3_0_0_clk_i_regs/A (CLKBUF_X3)
     2   19.35    0.02    0.05    0.33 ^ clkbuf_3_0_0_clk_i_regs/Z (CLKBUF_X3)
                                         clknet_3_0_0_clk_i_regs (net)
                  0.02    0.00    0.33 ^ clkbuf_4_1_0_clk_i_regs/A (CLKBUF_X3)
     4   31.36    0.03    0.05    0.38 ^ clkbuf_4_1_0_clk_i_regs/Z (CLKBUF_X3)
                                         clknet_4_1_0_clk_i_regs (net)
                  0.03    0.00    0.39 ^ clkbuf_6_7_0_clk_i_regs/A (CLKBUF_X3)
     4   32.22    0.03    0.06    0.45 ^ clkbuf_6_7_0_clk_i_regs/Z (CLKBUF_X3)
                                         clknet_6_7_0_clk_i_regs (net)
                  0.03    0.00    0.45 ^ clkbuf_8_29__f_clk_i_regs/A (CLKBUF_X3)
    18   58.46    0.05    0.08    0.53 ^ clkbuf_8_29__f_clk_i_regs/Z (CLKBUF_X3)
                                         clknet_8_29__leaf_clk_i_regs (net)
                  0.05    0.00    0.53 ^ clkbuf_leaf_214_clk_i_regs/A (CLKBUF_X3)
     7   10.13    0.01    0.05    0.58 ^ clkbuf_leaf_214_clk_i_regs/Z (CLKBUF_X3)
                                         clknet_leaf_214_clk_i_regs (net)
                  0.01    0.00    0.58 ^ issue_stage_i.i_scoreboard/mem_q[769]$_DFF_PN0_/CK (DFFR_X1)
                          0.00    0.58   clock reconvergence pessimism
                          0.26    0.84   library removal time
                                  0.84   data required time
-----------------------------------------------------------------------------
                                  0.84   data required time
                                 -0.87   data arrival time
-----------------------------------------------------------------------------
                                  0.03   slack (MET)


Startpoint: boot_addr_i[31] (input port clocked by core_clock)
Endpoint: csr_regfile_i/mtvec_q[31]$_DFF_PN0_
          (rising edge-triggered flip-flop clocked by core_clock)
Path Group: core_clock
Path Type: min

Fanout     Cap    Slew   Delay    Time   Description
-----------------------------------------------------------------------------
                          0.00    0.00   clock core_clock (rise edge)
                          0.00    0.00   clock network delay (propagated)
                          0.00    0.00 ^ input external delay
     1    2.59    0.00    0.00    0.00 ^ boot_addr_i[31] (in)
                                         boot_addr_i[31] (net)
                  0.00    0.00    0.00 ^ hold41625/A (CLKBUF_X1)
     1    1.25    0.01    0.02    0.02 ^ hold41625/Z (CLKBUF_X1)
                                         net41624 (net)
                  0.01    0.00    0.02 ^ hold41051/A (CLKBUF_X1)
     1    1.23    0.01    0.03    0.05 ^ hold41051/Z (CLKBUF_X1)
                                         net41050 (net)
                  0.01    0.00    0.05 ^ hold40184/A (CLKBUF_X1)
     1    1.03    0.01    0.03    0.08 ^ hold40184/Z (CLKBUF_X1)
                                         net40183 (net)
                  0.01    0.00    0.08 ^ hold41052/A (CLKBUF_X1)
     1    1.17    0.01    0.03    0.10 ^ hold41052/Z (CLKBUF_X1)
                                         net41051 (net)
                  0.01    0.00    0.10 ^ hold39107/A (CLKBUF_X1)
     1    1.41    0.01    0.03    0.13 ^ hold39107/Z (CLKBUF_X1)
                                         net39106 (net)
                  0.01    0.00    0.13 ^ hold41053/A (CLKBUF_X1)
     1    1.01    0.01    0.03    0.16 ^ hold41053/Z (CLKBUF_X1)
                                         net41052 (net)
                  0.01    0.00    0.16 ^ hold40185/A (CLKBUF_X1)
     1    0.91    0.01    0.03    0.18 ^ hold40185/Z (CLKBUF_X1)
                                         net40184 (net)
                  0.01    0.00    0.18 ^ hold41054/A (CLKBUF_X1)
     1    1.42    0.01    0.03    0.21 ^ hold41054/Z (CLKBUF_X1)
                                         net41053 (net)
                  0.01    0.00    0.21 ^ input3674/A (BUF_X1)
     1    2.36    0.01    0.02    0.23 ^ input3674/Z (BUF_X1)
                                         net3673 (net)
                  0.01    0.00    0.23 ^ hold41055/A (CLKBUF_X1)
     1    2.09    0.01    0.03    0.26 ^ hold41055/Z (CLKBUF_X1)
                                         net41054 (net)
                  0.01    0.00    0.26 ^ hold40186/A (CLKBUF_X1)
     1    3.29    0.01    0.03    0.29 ^ hold40186/Z (CLKBUF_X1)
                                         net40185 (net)
                  0.01    0.00    0.30 ^ hold39108/A (CLKBUF_X1)
     1   10.58    0.03    0.05    0.35 ^ hold39108/Z (CLKBUF_X1)
                                         net39107 (net)
                  0.03    0.00    0.35 ^ hold40187/A (CLKBUF_X1)
     3   14.40    0.03    0.07    0.42 ^ hold40187/Z (CLKBUF_X1)
                                         net40186 (net)
                  0.03    0.00    0.42 ^ csr_regfile_i/_15654_/A (XNOR2_X1)
     1    2.62    0.01    0.05    0.46 ^ csr_regfile_i/_15654_/ZN (XNOR2_X1)
                                         csr_regfile_i/_02715_ (net)
                  0.01    0.00    0.46 ^ csr_regfile_i/hold39109/A (CLKBUF_X1)
     1    2.71    0.01    0.03    0.50 ^ csr_regfile_i/hold39109/Z (CLKBUF_X1)
                                         csr_regfile_i/net39108 (net)
                  0.01    0.00    0.50 ^ csr_regfile_i/_15655_/B (MUX2_X1)
     1    1.08    0.01    0.03    0.53 ^ csr_regfile_i/_15655_/Z (MUX2_X1)
                                         csr_regfile_i/_02716_ (net)
                  0.01    0.00    0.53 ^ csr_regfile_i/hold39110/A (CLKBUF_X1)
     1    1.44    0.01    0.03    0.56 ^ csr_regfile_i/hold39110/Z (CLKBUF_X1)
                                         csr_regfile_i/net39109 (net)
                  0.01    0.00    0.56 ^ csr_regfile_i/_15656_/B (MUX2_X1)
     1    1.06    0.01    0.03    0.59 ^ csr_regfile_i/_15656_/Z (MUX2_X1)
                                         csr_regfile_i/mtvec_d[31] (net)
                  0.01    0.00    0.59 ^ csr_regfile_i/hold39111/A (CLKBUF_X1)
     1    1.35    0.01    0.03    0.62 ^ csr_regfile_i/hold39111/Z (CLKBUF_X1)
                                         csr_regfile_i/net39110 (net)
                  0.01    0.00    0.62 ^ csr_regfile_i/mtvec_q[31]$_DFF_PN0_/D (DFFR_X1)
                                  0.62   data arrival time

                          0.00    0.00   clock core_clock (rise edge)
                          0.00    0.00   clock source latency
     1   53.38    0.00    0.00    0.00 ^ clk_i (in)
                                         clk_i (net)
                  0.02    0.02    0.02 ^ wire38705/A (BUF_X16)
     2   55.41    0.01    0.02    0.04 ^ wire38705/Z (BUF_X16)
                                         net38704 (net)
                  0.02    0.02    0.06 ^ clkbuf_regs_0_core_clock/A (CLKBUF_X3)
     1    1.82    0.01    0.03    0.09 ^ clkbuf_regs_0_core_clock/Z (CLKBUF_X3)
                                         clk_i_regs (net)
                  0.01    0.00    0.09 ^ clkbuf_0_clk_i_regs/A (CLKBUF_X3)
     2   44.68    0.03    0.06    0.15 ^ clkbuf_0_clk_i_regs/Z (CLKBUF_X3)
                                         clknet_0_clk_i_regs (net)
                  0.04    0.01    0.16 ^ clkbuf_1_0_0_clk_i_regs/A (CLKBUF_X3)
     2   23.86    0.02    0.06    0.22 ^ clkbuf_1_0_0_clk_i_regs/Z (CLKBUF_X3)
                                         clknet_1_0_0_clk_i_regs (net)
                  0.02    0.00    0.22 ^ clkbuf_2_1_0_clk_i_regs/A (CLKBUF_X3)
     2   26.71    0.02    0.05    0.27 ^ clkbuf_2_1_0_clk_i_regs/Z (CLKBUF_X3)
                                         clknet_2_1_0_clk_i_regs (net)
                  0.02    0.01    0.28 ^ clkbuf_3_2_0_clk_i_regs/A (CLKBUF_X3)
     2   27.95    0.02    0.05    0.33 ^ clkbuf_3_2_0_clk_i_regs/Z (CLKBUF_X3)
                                         clknet_3_2_0_clk_i_regs (net)
                  0.02    0.00    0.34 ^ clkbuf_4_4_0_clk_i_regs/A (CLKBUF_X3)
     4   40.05    0.03    0.06    0.40 ^ clkbuf_4_4_0_clk_i_regs/Z (CLKBUF_X3)
                                         clknet_4_4_0_clk_i_regs (net)
                  0.03    0.01    0.41 ^ clkbuf_6_16_0_clk_i_regs/A (CLKBUF_X3)
     4   41.10    0.03    0.07    0.47 ^ clkbuf_6_16_0_clk_i_regs/Z (CLKBUF_X3)
                                         clknet_6_16_0_clk_i_regs (net)
                  0.03    0.00    0.48 ^ clkbuf_8_66__f_clk_i_regs/A (CLKBUF_X3)
    18   56.87    0.04    0.08    0.56 ^ clkbuf_8_66__f_clk_i_regs/Z (CLKBUF_X3)
                                         clknet_8_66__leaf_clk_i_regs (net)
                  0.04    0.00    0.56 ^ clkbuf_leaf_191_clk_i_regs/A (CLKBUF_X3)
     7   10.94    0.01    0.05    0.61 ^ clkbuf_leaf_191_clk_i_regs/Z (CLKBUF_X3)
                                         clknet_leaf_191_clk_i_regs (net)
                  0.01    0.00    0.61 ^ csr_regfile_i/mtvec_q[31]$_DFF_PN0_/CK (DFFR_X1)
                          0.00    0.61   clock reconvergence pessimism
                          0.01    0.62   library hold time
                                  0.62   data required time
-----------------------------------------------------------------------------
                                  0.62   data required time
                                 -0.62   data arrival time
-----------------------------------------------------------------------------
                                  0.00   slack (VIOLATED)



==========================================================================
finish report_checks -path_delay max
--------------------------------------------------------------------------
Startpoint: rst_ni (input port clocked by core_clock)
Endpoint: ex_stage_i/i_mult.i_multiplier/mult_result_q[110]$_DFF_PN0_
          (recovery check against rising-edge clock core_clock)
Path Group: asynchronous
Path Type: max

Fanout     Cap    Slew   Delay    Time   Description
-----------------------------------------------------------------------------
                          0.00    0.00   clock core_clock (rise edge)
                          0.00    0.00   clock network delay (propagated)
                          0.00    0.00 ^ input external delay
     1    2.17    0.00    0.00    0.00 ^ rst_ni (in)
                                         rst_ni (net)
                  0.00    0.00    0.00 ^ hold41790/A (CLKBUF_X1)
     1    1.77    0.01    0.03    0.03 ^ hold41790/Z (CLKBUF_X1)
                                         net41789 (net)
                  0.01    0.00    0.03 ^ hold38725/A (CLKBUF_X1)
     1    0.90    0.01    0.03    0.05 ^ hold38725/Z (CLKBUF_X1)
                                         net38724 (net)
                  0.01    0.00    0.05 ^ hold38717/A (CLKBUF_X1)
     1    0.91    0.01    0.03    0.08 ^ hold38717/Z (CLKBUF_X1)
                                         net38716 (net)
                  0.01    0.00    0.08 ^ hold38726/A (CLKBUF_X1)
     1    0.87    0.01    0.03    0.10 ^ hold38726/Z (CLKBUF_X1)
                                         net38725 (net)
                  0.01    0.00    0.10 ^ hold38713/A (CLKBUF_X1)
     1    1.23    0.01    0.03    0.13 ^ hold38713/Z (CLKBUF_X1)
                                         net38712 (net)
                  0.01    0.00    0.13 ^ hold38727/A (CLKBUF_X1)
     1    1.20    0.01    0.03    0.15 ^ hold38727/Z (CLKBUF_X1)
                                         net38726 (net)
                  0.01    0.00    0.15 ^ hold38718/A (CLKBUF_X1)
     1    1.87    0.01    0.03    0.18 ^ hold38718/Z (CLKBUF_X1)
                                         net38717 (net)
                  0.01    0.00    0.18 ^ hold38728/A (CLKBUF_X1)
     1    1.25    0.01    0.03    0.21 ^ hold38728/Z (CLKBUF_X1)
                                         net38727 (net)
                  0.01    0.00    0.21 ^ hold38711/A (CLKBUF_X1)
     1    0.90    0.01    0.03    0.24 ^ hold38711/Z (CLKBUF_X1)
                                         net38710 (net)
                  0.01    0.00    0.24 ^ hold38729/A (CLKBUF_X1)
     1    0.90    0.01    0.03    0.26 ^ hold38729/Z (CLKBUF_X1)
                                         net38728 (net)
                  0.01    0.00    0.26 ^ hold38719/A (CLKBUF_X1)
     1    0.96    0.01    0.03    0.29 ^ hold38719/Z (CLKBUF_X1)
                                         net38718 (net)
                  0.01    0.00    0.29 ^ hold38730/A (CLKBUF_X1)
     1    1.00    0.01    0.03    0.31 ^ hold38730/Z (CLKBUF_X1)
                                         net38729 (net)
                  0.01    0.00    0.31 ^ hold38714/A (CLKBUF_X1)
     1    1.00    0.01    0.03    0.34 ^ hold38714/Z (CLKBUF_X1)
                                         net38713 (net)
                  0.01    0.00    0.34 ^ hold38731/A (CLKBUF_X1)
     1    0.98    0.01    0.03    0.36 ^ hold38731/Z (CLKBUF_X1)
                                         net38730 (net)
                  0.01    0.00    0.36 ^ hold38720/A (CLKBUF_X1)
     1    0.97    0.01    0.03    0.39 ^ hold38720/Z (CLKBUF_X1)
                                         net38719 (net)
                  0.01    0.00    0.39 ^ hold38732/A (CLKBUF_X1)
     1    1.51    0.01    0.03    0.42 ^ hold38732/Z (CLKBUF_X1)
                                         net38731 (net)
                  0.01    0.00    0.42 ^ input3782/A (CLKBUF_X3)
     1    1.81    0.01    0.03    0.44 ^ input3782/Z (CLKBUF_X3)
                                         net3781 (net)
                  0.01    0.00    0.44 ^ hold38733/A (CLKBUF_X1)
     1    1.82    0.01    0.03    0.47 ^ hold38733/Z (CLKBUF_X1)
                                         net38732 (net)
                  0.01    0.00    0.47 ^ hold38721/A (CLKBUF_X1)
     1    2.18    0.01    0.03    0.50 ^ hold38721/Z (CLKBUF_X1)
                                         net38720 (net)
                  0.01    0.00    0.50 ^ hold38734/A (CLKBUF_X1)
     1    1.80    0.01    0.03    0.53 ^ hold38734/Z (CLKBUF_X1)
                                         net38733 (net)
                  0.01    0.00    0.53 ^ hold38715/A (CLKBUF_X1)
     1    1.67    0.01    0.03    0.56 ^ hold38715/Z (CLKBUF_X1)
                                         net38714 (net)
                  0.01    0.00    0.56 ^ hold38735/A (CLKBUF_X1)
     1    1.65    0.01    0.03    0.59 ^ hold38735/Z (CLKBUF_X1)
                                         net38734 (net)
                  0.01    0.00    0.59 ^ hold38722/A (CLKBUF_X1)
     1    1.62    0.01    0.03    0.62 ^ hold38722/Z (CLKBUF_X1)
                                         net38721 (net)
                  0.01    0.00    0.62 ^ hold38736/A (CLKBUF_X1)
     1    2.71    0.01    0.03    0.65 ^ hold38736/Z (CLKBUF_X1)
                                         net38735 (net)
                  0.01    0.00    0.65 ^ hold38712/A (CLKBUF_X3)
     1    1.83    0.01    0.03    0.67 ^ hold38712/Z (CLKBUF_X3)
                                         net38711 (net)
                  0.01    0.00    0.67 ^ hold38737/A (CLKBUF_X1)
     1    1.50    0.01    0.03    0.70 ^ hold38737/Z (CLKBUF_X1)
                                         net38736 (net)
                  0.01    0.00    0.70 ^ hold38723/A (CLKBUF_X1)
     1    1.63    0.01    0.03    0.73 ^ hold38723/Z (CLKBUF_X1)
                                         net38722 (net)
                  0.01    0.00    0.73 ^ hold38738/A (CLKBUF_X1)
     1    2.36    0.01    0.03    0.76 ^ hold38738/Z (CLKBUF_X1)
                                         net38737 (net)
                  0.01    0.00    0.76 ^ hold38716/A (CLKBUF_X3)
     1    3.37    0.01    0.03    0.79 ^ hold38716/Z (CLKBUF_X3)
                                         net38715 (net)
                  0.01    0.00    0.79 ^ hold38724/A (CLKBUF_X3)
    17   87.39    0.06    0.08    0.87 ^ hold38724/Z (CLKBUF_X3)
                                         net38723 (net)
                  0.06    0.00    0.88 ^ place38012/A (BUF_X2)
    16  113.12    0.12    0.15    1.02 ^ place38012/Z (BUF_X2)
                                         net38011 (net)
                  0.13    0.04    1.06 ^ place37784/A (BUF_X2)
     4   35.62    0.04    0.07    1.13 ^ place37784/Z (BUF_X2)
                                         net37783 (net)
                  0.04    0.01    1.14 ^ place37783/A (BUF_X2)
     3   17.63    0.02    0.04    1.19 ^ place37783/Z (BUF_X2)
                                         net37782 (net)
                  0.02    0.00    1.19 ^ place37782/A (BUF_X2)
     9   46.97    0.05    0.07    1.26 ^ place37782/Z (BUF_X2)
                                         net37781 (net)
                  0.05    0.02    1.28 ^ ex_stage_i/place37751/A (BUF_X2)
    22   53.06    0.06    0.09    1.36 ^ ex_stage_i/place37751/Z (BUF_X2)
                                         ex_stage_i/net37750 (net)
                  0.06    0.01    1.37 ^ ex_stage_i/place37750/A (BUF_X2)
    18   41.58    0.05    0.07    1.44 ^ ex_stage_i/place37750/Z (BUF_X2)
                                         ex_stage_i/net37749 (net)
                  0.05    0.00    1.45 ^ ex_stage_i/place37749/A (BUF_X1)
    15   34.19    0.08    0.11    1.55 ^ ex_stage_i/place37749/Z (BUF_X1)
                                         ex_stage_i/net37748 (net)
                  0.08    0.00    1.56 ^ ex_stage_i/place37748/A (BUF_X2)
    25   56.16    0.06    0.09    1.65 ^ ex_stage_i/place37748/Z (BUF_X2)
                                         ex_stage_i/net37747 (net)
                  0.06    0.01    1.66 ^ ex_stage_i/place37747/A (BUF_X2)
    29   66.21    0.07    0.10    1.76 ^ ex_stage_i/place37747/Z (BUF_X2)
                                         ex_stage_i/net37746 (net)
                  0.08    0.01    1.77 ^ ex_stage_i/place37746/A (BUF_X2)
    28   60.74    0.07    0.09    1.86 ^ ex_stage_i/place37746/Z (BUF_X2)
                                         ex_stage_i/net37745 (net)
                  0.07    0.01    1.87 ^ ex_stage_i/i_mult.i_multiplier/place37745/A (BUF_X1)
    20   41.92    0.09    0.13    2.00 ^ ex_stage_i/i_mult.i_multiplier/place37745/Z (BUF_X1)
                                         ex_stage_i/i_mult.i_multiplier/net37744 (net)
                  0.09    0.00    2.00 ^ ex_stage_i/i_mult.i_multiplier/mult_result_q[110]$_DFF_PN0_/RN (DFFR_X1)
                                  2.00   data arrival time

                          6.00    6.00   clock core_clock (rise edge)
                          0.00    6.00   clock source latency
     1   53.38    0.00    0.00    6.00 ^ clk_i (in)
                                         clk_i (net)
                  0.02    0.02    6.02 ^ wire38705/A (BUF_X16)
     2   55.41    0.01    0.02    6.04 ^ wire38705/Z (BUF_X16)
                                         net38704 (net)
                  0.02    0.02    6.06 ^ clkbuf_regs_0_core_clock/A (CLKBUF_X3)
     1    1.82    0.01    0.03    6.09 ^ clkbuf_regs_0_core_clock/Z (CLKBUF_X3)
                                         clk_i_regs (net)
                  0.01    0.00    6.09 ^ clkbuf_0_clk_i_regs/A (CLKBUF_X3)
     2   44.68    0.03    0.06    6.15 ^ clkbuf_0_clk_i_regs/Z (CLKBUF_X3)
                                         clknet_0_clk_i_regs (net)
                  0.03    0.01    6.16 ^ clkbuf_1_1_0_clk_i_regs/A (CLKBUF_X3)
     2   27.26    0.02    0.06    6.21 ^ clkbuf_1_1_0_clk_i_regs/Z (CLKBUF_X3)
                                         clknet_1_1_0_clk_i_regs (net)
                  0.02    0.01    6.22 ^ clkbuf_2_3_0_clk_i_regs/A (CLKBUF_X3)
     2   22.80    0.02    0.05    6.27 ^ clkbuf_2_3_0_clk_i_regs/Z (CLKBUF_X3)
                                         clknet_2_3_0_clk_i_regs (net)
                  0.02    0.00    6.27 ^ clkbuf_3_7_0_clk_i_regs/A (CLKBUF_X3)
     2   20.65    0.02    0.05    6.32 ^ clkbuf_3_7_0_clk_i_regs/Z (CLKBUF_X3)
                                         clknet_3_7_0_clk_i_regs (net)
                  0.02    0.00    6.32 ^ clkbuf_4_14_0_clk_i_regs/A (CLKBUF_X3)
     4   27.14    0.02    0.05    6.38 ^ clkbuf_4_14_0_clk_i_regs/Z (CLKBUF_X3)
                                         clknet_4_14_0_clk_i_regs (net)
                  0.02    0.00    6.38 ^ clkbuf_6_56_0_clk_i_regs/A (CLKBUF_X3)
     4   26.42    0.02    0.05    6.43 ^ clkbuf_6_56_0_clk_i_regs/Z (CLKBUF_X3)
                                         clknet_6_56_0_clk_i_regs (net)
                  0.02    0.00    6.44 ^ clkbuf_8_227__f_clk_i_regs/A (CLKBUF_X3)
     8   25.08    0.02    0.05    6.49 ^ clkbuf_8_227__f_clk_i_regs/Z (CLKBUF_X3)
                                         clknet_8_227__leaf_clk_i_regs (net)
                  0.02    0.00    6.49 ^ clkbuf_leaf_2101_clk_i_regs/A (CLKBUF_X3)
     8   10.00    0.01    0.04    6.53 ^ clkbuf_leaf_2101_clk_i_regs/Z (CLKBUF_X3)
                                         clknet_leaf_2101_clk_i_regs (net)
                  0.01    0.00    6.53 ^ ex_stage_i/i_mult.i_multiplier/mult_result_q[110]$_DFF_PN0_/CK (DFFR_X1)
                          0.00    6.53   clock reconvergence pessimism
                          0.04    6.57   library recovery time
                                  6.57   data required time
-----------------------------------------------------------------------------
                                  6.57   data required time
                                 -2.00   data arrival time
-----------------------------------------------------------------------------
                                  4.57   slack (MET)


Startpoint: issue_stage_i.i_scoreboard/commit_pointer_q[2]$_DFF_PN0_
            (rising edge-triggered flip-flop clocked by core_clock)
Endpoint: issue_stage_i.i_scoreboard/mem_q[511]$_DFF_PN0_
          (rising edge-triggered flip-flop clocked by core_clock)
Path Group: core_clock
Path Type: max

Fanout     Cap    Slew   Delay    Time   Description
-----------------------------------------------------------------------------
                          0.00    0.00   clock core_clock (rise edge)
                          0.00    0.00   clock source latency
     1   53.38    0.00    0.00    0.00 ^ clk_i (in)
                                         clk_i (net)
                  0.02    0.02    0.02 ^ wire38705/A (BUF_X16)
     2   55.41    0.01    0.02    0.04 ^ wire38705/Z (BUF_X16)
                                         net38704 (net)
                  0.02    0.02    0.06 ^ clkbuf_regs_0_core_clock/A (CLKBUF_X3)
     1    1.82    0.01    0.03    0.09 ^ clkbuf_regs_0_core_clock/Z (CLKBUF_X3)
                                         clk_i_regs (net)
                  0.01    0.00    0.09 ^ clkbuf_0_clk_i_regs/A (CLKBUF_X3)
     2   44.68    0.03    0.06    0.15 ^ clkbuf_0_clk_i_regs/Z (CLKBUF_X3)
                                         clknet_0_clk_i_regs (net)
                  0.04    0.01    0.16 ^ clkbuf_1_0_0_clk_i_regs/A (CLKBUF_X3)
     2   23.86    0.02    0.06    0.22 ^ clkbuf_1_0_0_clk_i_regs/Z (CLKBUF_X3)
                                         clknet_1_0_0_clk_i_regs (net)
                  0.02    0.00    0.22 ^ clkbuf_2_1_0_clk_i_regs/A (CLKBUF_X3)
     2   26.71    0.02    0.05    0.27 ^ clkbuf_2_1_0_clk_i_regs/Z (CLKBUF_X3)
                                         clknet_2_1_0_clk_i_regs (net)
                  0.02    0.01    0.28 ^ clkbuf_3_3_0_clk_i_regs/A (CLKBUF_X3)
     2   26.79    0.02    0.05    0.33 ^ clkbuf_3_3_0_clk_i_regs/Z (CLKBUF_X3)
                                         clknet_3_3_0_clk_i_regs (net)
                  0.02    0.00    0.34 ^ clkbuf_4_6_0_clk_i_regs/A (CLKBUF_X3)
     4   36.65    0.03    0.06    0.40 ^ clkbuf_4_6_0_clk_i_regs/Z (CLKBUF_X3)
                                         clknet_4_6_0_clk_i_regs (net)
                  0.03    0.01    0.40 ^ clkbuf_6_26_0_clk_i_regs/A (CLKBUF_X3)
     4   47.01    0.04    0.07    0.47 ^ clkbuf_6_26_0_clk_i_regs/Z (CLKBUF_X3)
                                         clknet_6_26_0_clk_i_regs (net)
                  0.04    0.01    0.48 ^ clkbuf_8_106__f_clk_i_regs/A (CLKBUF_X3)
    26   97.75    0.07    0.11    0.59 ^ clkbuf_8_106__f_clk_i_regs/Z (CLKBUF_X3)
                                         clknet_8_106__leaf_clk_i_regs (net)
                  0.07    0.01    0.59 ^ clkbuf_leaf_566_clk_i_regs/A (CLKBUF_X3)
     6   10.06    0.01    0.05    0.65 ^ clkbuf_leaf_566_clk_i_regs/Z (CLKBUF_X3)
                                         clknet_leaf_566_clk_i_regs (net)
                  0.01    0.00    0.65 ^ issue_stage_i.i_scoreboard/commit_pointer_q[2]$_DFF_PN0_/CK (DFFR_X2)
     9   32.00    0.04    0.16    0.81 ^ issue_stage_i.i_scoreboard/commit_pointer_q[2]$_DFF_PN0_/Q (DFFR_X2)
                                         issue_stage_i.i_scoreboard/commit_pointer_q[2] (net)
                  0.04    0.00    0.81 ^ issue_stage_i.i_scoreboard/place34804/A (BUF_X2)
    15   58.05    0.06    0.08    0.90 ^ issue_stage_i.i_scoreboard/place34804/Z (BUF_X2)
                                         issue_stage_i.i_scoreboard/net34803 (net)
                  0.06    0.00    0.90 ^ issue_stage_i.i_scoreboard/_30490_/A1 (AND2_X2)
    17   94.13    0.10    0.13    1.03 ^ issue_stage_i.i_scoreboard/_30490_/ZN (AND2_X2)
                                         issue_stage_i.i_scoreboard/_25991_ (net)
                  0.11    0.03    1.07 ^ issue_stage_i.i_scoreboard/place32297/A (BUF_X2)
    21   50.36    0.06    0.09    1.15 ^ issue_stage_i.i_scoreboard/place32297/Z (BUF_X2)
                                         issue_stage_i.i_scoreboard/net32296 (net)
                  0.06    0.00    1.15 ^ issue_stage_i.i_scoreboard/_33331_/A2 (NAND2_X1)
     1    1.57    0.01    0.02    1.17 v issue_stage_i.i_scoreboard/_33331_/ZN (NAND2_X1)
                                         issue_stage_i.i_scoreboard/_03169_ (net)
                  0.01    0.00    1.17 v issue_stage_i.i_scoreboard/_33333_/B1 (AOI21_X1)
     1    1.87    0.02    0.03    1.20 ^ issue_stage_i.i_scoreboard/_33333_/ZN (AOI21_X1)
                                         issue_stage_i.i_scoreboard/_03171_ (net)
                  0.02    0.00    1.20 ^ issue_stage_i.i_scoreboard/_33335_/A (AOI21_X1)
     1    1.76    0.02    0.02    1.22 v issue_stage_i.i_scoreboard/_33335_/ZN (AOI21_X1)
                                         issue_stage_i.i_scoreboard/_03173_ (net)
                  0.02    0.00    1.22 v issue_stage_i.i_scoreboard/_33336_/B1 (OAI21_X1)
     1    1.41    0.02    0.03    1.25 ^ issue_stage_i.i_scoreboard/_33336_/ZN (OAI21_X1)
                                         issue_stage_i.i_scoreboard/_03174_ (net)
                  0.02    0.00    1.25 ^ issue_stage_i.i_scoreboard/_33337_/A (MUX2_X1)
     1    2.67    0.01    0.04    1.29 ^ issue_stage_i.i_scoreboard/_33337_/Z (MUX2_X1)
                                         issue_stage_i.i_scoreboard/_03175_ (net)
                  0.01    0.00    1.29 ^ issue_stage_i.i_scoreboard/_33338_/B (MUX2_X1)
     1    1.74    0.01    0.04    1.33 ^ issue_stage_i.i_scoreboard/_33338_/Z (MUX2_X1)
                                         issue_stage_i.i_scoreboard/_03176_ (net)
                  0.01    0.00    1.33 ^ issue_stage_i.i_scoreboard/_33339_/B (MUX2_X1)
     1    1.20    0.01    0.03    1.36 ^ issue_stage_i.i_scoreboard/_33339_/Z (MUX2_X1)
                                         issue_stage_i.i_scoreboard/_03177_ (net)
                  0.01    0.00    1.36 ^ issue_stage_i.i_scoreboard/_33340_/B (MUX2_X1)
     7   19.34    0.05    0.08    1.44 ^ issue_stage_i.i_scoreboard/_33340_/Z (MUX2_X1)
                                         commit_instr_id_commit[286] (net)
                  0.05    0.00    1.44 ^ _05180_/A2 (AND2_X1)
     1    1.75    0.01    0.04    1.48 ^ _05180_/ZN (AND2_X1)
                                         _00568_ (net)
                  0.01    0.00    1.48 ^ _05182_/A (OAI21_X1)
     1    1.66    0.02    0.02    1.50 v _05182_/ZN (OAI21_X1)
                                         _00570_ (net)
                  0.02    0.00    1.50 v _05183_/B2 (AOI21_X1)
     1    1.89    0.02    0.03    1.54 ^ _05183_/ZN (AOI21_X1)
                                         _00571_ (net)
                  0.02    0.00    1.54 ^ _05188_/A2 (AOI22_X1)
     5   13.86    0.03    0.04    1.58 v _05188_/ZN (AOI22_X1)
                                         _00576_ (net)
                  0.03    0.00    1.58 v _05204_/A2 (NOR2_X1)
     4    7.12    0.04    0.07    1.65 ^ _05204_/ZN (NOR2_X1)
                                         _00589_ (net)
                  0.04    0.00    1.65 ^ _05227_/B2 (OAI21_X1)
     7   20.45    0.04    0.07    1.71 v _05227_/ZN (OAI21_X1)
                                         _00611_ (net)
                  0.04    0.00    1.72 v _09239_/A2 (NOR2_X4)
    24   40.11    0.05    0.08    1.80 ^ _09239_/ZN (NOR2_X4)
                                         _03845_ (net)
                  0.05    0.00    1.80 ^ _09244_/A2 (AND2_X1)
     7   25.38    0.06    0.10    1.89 ^ _09244_/ZN (AND2_X1)
                                         commit_stage_i.csr_op_o[0] (net)
                  0.06    0.00    1.90 ^ csr_regfile_i/_09095_/A (INV_X1)
     3    6.99    0.02    0.02    1.92 v csr_regfile_i/_09095_/ZN (INV_X1)
                                         csr_regfile_i/_03937_ (net)
                  0.02    0.00    1.92 v csr_regfile_i/_09096_/A1 (NAND2_X1)
     2    3.98    0.01    0.02    1.95 ^ csr_regfile_i/_09096_/ZN (NAND2_X1)
                                         csr_regfile_i/_03938_ (net)
                  0.01    0.00    1.95 ^ csr_regfile_i/_09097_/B2 (OAI21_X1)
     1    2.32    0.01    0.02    1.97 v csr_regfile_i/_09097_/ZN (OAI21_X1)
                                         csr_regfile_i/_03939_ (net)
                  0.01    0.00    1.97 v csr_regfile_i/place27125/A (BUF_X1)
     6   27.22    0.03    0.06    2.02 v csr_regfile_i/place27125/Z (BUF_X1)
                                         csr_regfile_i/net27124 (net)
                  0.03    0.01    2.03 v csr_regfile_i/_09105_/A2 (NAND4_X1)
     1    1.81    0.02    0.03    2.06 ^ csr_regfile_i/_09105_/ZN (NAND4_X1)
                                         csr_regfile_i/_03947_ (net)
                  0.02    0.00    2.06 ^ csr_regfile_i/_09106_/A4 (NOR4_X1)
     1    4.32    0.02    0.02    2.08 v csr_regfile_i/_09106_/ZN (NOR4_X1)
                                         csr_regfile_i/_03948_ (net)
                  0.02    0.00    2.08 v csr_regfile_i/_09148_/A2 (NOR4_X2)
     3   16.38    0.10    0.14    2.22 ^ csr_regfile_i/_09148_/ZN (NOR4_X2)
                                         csr_regfile_i/_03990_ (net)
                  0.10    0.00    2.22 ^ csr_regfile_i/_09149_/A2 (NOR2_X1)
     5   10.02    0.03    0.04    2.26 v csr_regfile_i/_09149_/ZN (NOR2_X1)
                                         csr_regfile_i/_03991_ (net)
                  0.03    0.00    2.26 v csr_regfile_i/_09150_/A2 (NOR2_X1)
     5   22.20    0.11    0.14    2.40 ^ csr_regfile_i/_09150_/ZN (NOR2_X1)
                                         commit_stage_i.csr_exception_i[128] (net)
                  0.11    0.00    2.40 ^ _05199_/A2 (NAND3_X1)
     3   10.71    0.04    0.07    2.47 v _05199_/ZN (NAND3_X1)
                                         _00585_ (net)
                  0.04    0.00    2.47 v _09351_/A2 (OR2_X1)
     2    5.44    0.01    0.07    2.54 v _09351_/ZN (OR2_X1)
                                         _03883_ (net)
                  0.01    0.00    2.54 v _09353_/A1 (NAND2_X2)
    32   69.64    0.08    0.09    2.63 ^ _09353_/ZN (NAND2_X2)
                                         _03885_ (net)
                  0.08    0.01    2.64 ^ _09487_/B1 (AOI22_X1)
     1    2.11    0.03    0.04    2.68 v _09487_/ZN (AOI22_X1)
                                         _03930_ (net)
                  0.03    0.00    2.68 v _09488_/A2 (NOR2_X1)
     7   13.18    0.07    0.09    2.77 ^ _09488_/ZN (NOR2_X1)
                                         commit_stage_i.exception_o[65] (net)
                  0.07    0.00    2.77 ^ csr_regfile_i/_09566_/A2 (AND2_X1)
     3    7.37    0.02    0.06    2.83 ^ csr_regfile_i/_09566_/ZN (AND2_X1)
                                         csr_regfile_i/_04398_ (net)
                  0.02    0.00    2.83 ^ csr_regfile_i/_13832_/A1 (NAND3_X1)
     1    1.82    0.01    0.02    2.85 v csr_regfile_i/_13832_/ZN (NAND3_X1)
                                         csr_regfile_i/_07943_ (net)
                  0.01    0.00    2.85 v csr_regfile_i/_13836_/A2 (NOR3_X1)
     1    3.13    0.04    0.06    2.91 ^ csr_regfile_i/_13836_/ZN (NOR3_X1)
                                         csr_regfile_i/_07947_ (net)
                  0.04    0.00    2.91 ^ csr_regfile_i/_13837_/A4 (NAND4_X1)
     1   12.14    0.05    0.07    2.98 v csr_regfile_i/_13837_/ZN (NAND4_X1)
                                         csr_regfile_i/_07948_ (net)
                  0.05    0.00    2.98 v csr_regfile_i/place25218/A (BUF_X1)
     7   18.68    0.02    0.07    3.05 v csr_regfile_i/place25218/Z (BUF_X1)
                                         csr_regfile_i/net25217 (net)
                  0.02    0.00    3.05 v csr_regfile_i/_13864_/A1 (NOR2_X1)
     2    3.66    0.02    0.04    3.09 ^ csr_regfile_i/_13864_/ZN (NOR2_X1)
                                         csr_regfile_i/_07972_ (net)
                  0.02    0.00    3.09 ^ csr_regfile_i/_16297_/B1 (OAI21_X1)
     1    3.14    0.02    0.02    3.12 v csr_regfile_i/_16297_/ZN (OAI21_X1)
                                         csr_regfile_i/_03125_ (net)
                  0.02    0.00    3.12 v csr_regfile_i/_16298_/A (OAI21_X2)
     4   13.59    0.04    0.04    3.15 ^ csr_regfile_i/_16298_/ZN (OAI21_X2)
                                         controller_i.set_debug_pc_i (net)
                  0.04    0.00    3.15 ^ _06262_/A2 (NOR3_X1)
     1    6.57    0.02    0.03    3.18 v _06262_/ZN (NOR3_X1)
                                         _01497_ (net)
                  0.02    0.00    3.18 v _06263_/A2 (NAND2_X4)
     1   16.51    0.01    0.03    3.20 ^ _06263_/ZN (NAND2_X4)
                                         controller_i.flush_ex_o (net)
                  0.01    0.00    3.21 ^ place24196/A (BUF_X2)
    11   74.81    0.08    0.09    3.30 ^ place24196/Z (BUF_X2)
                                         net24195 (net)
                  0.09    0.03    3.33 ^ ex_stage_i/_23031_/A (INV_X1)
     2    5.28    0.02    0.02    3.35 v ex_stage_i/_23031_/ZN (INV_X1)
                                         ex_stage_i/_04565_ (net)
                  0.02    0.00    3.35 v ex_stage_i/_30666_/B2 (AOI21_X2)
     2    4.69    0.03    0.04    3.39 ^ ex_stage_i/_30666_/ZN (AOI21_X2)
                                         ex_stage_i/_09850_ (net)
                  0.03    0.00    3.39 ^ ex_stage_i/_31507_/A2 (NOR2_X2)
     8   25.31    0.03    0.03    3.42 v ex_stage_i/_31507_/ZN (NOR2_X2)
                                         ex_stage_i/_10689_ (net)
                  0.03    0.00    3.42 v ex_stage_i/place24137/A (BUF_X2)
     5   32.29    0.02    0.05    3.47 v ex_stage_i/place24137/Z (BUF_X2)
                                         ex_stage_i/net24136 (net)
                  0.02    0.01    3.48 v ex_stage_i/_33895_/S (MUX2_X2)
    24   53.87    0.06    0.12    3.60 ^ ex_stage_i/_33895_/Z (MUX2_X2)
                                         flu_trans_id_ex_id[0] (net)
                  0.06    0.01    3.61 ^ issue_stage_i.i_scoreboard/place24093/A (BUF_X1)
    18   41.23    0.09    0.13    3.74 ^ issue_stage_i.i_scoreboard/place24093/Z (BUF_X1)
                                         issue_stage_i.i_scoreboard/net24092 (net)
                  0.09    0.00    3.74 ^ issue_stage_i.i_scoreboard/_56277_/S (MUX2_X1)
     2    3.63    0.02    0.06    3.79 ^ issue_stage_i.i_scoreboard/_56277_/Z (MUX2_X1)
                                         issue_stage_i.i_scoreboard/_23265_ (net)
                  0.02    0.00    3.79 ^ issue_stage_i.i_scoreboard/_56278_/A2 (NAND2_X1)
     1    1.65    0.02    0.01    3.81 v issue_stage_i.i_scoreboard/_56278_/ZN (NAND2_X1)
                                         issue_stage_i.i_scoreboard/_23266_ (net)
                  0.02    0.00    3.81 v issue_stage_i.i_scoreboard/_56279_/B2 (AOI21_X1)
     4    6.90    0.04    0.06    3.87 ^ issue_stage_i.i_scoreboard/_56279_/ZN (AOI21_X1)
                                         issue_stage_i.i_scoreboard/_23267_ (net)
                  0.04    0.00    3.87 ^ issue_stage_i.i_scoreboard/_57497_/A3 (OR4_X1)
     1    2.67    0.01    0.04    3.91 ^ issue_stage_i.i_scoreboard/_57497_/ZN (OR4_X1)
                                         issue_stage_i.i_scoreboard/_24420_ (net)
                  0.01    0.00    3.91 ^ issue_stage_i.i_scoreboard/_57498_/A4 (NAND4_X1)
     1    1.93    0.02    0.03    3.94 v issue_stage_i.i_scoreboard/_57498_/ZN (NAND4_X1)
                                         issue_stage_i.i_scoreboard/_24421_ (net)
                  0.02    0.00    3.94 v issue_stage_i.i_scoreboard/_57499_/A4 (NOR4_X1)
     2    4.29    0.07    0.11    4.05 ^ issue_stage_i.i_scoreboard/_57499_/ZN (NOR4_X1)
                                         issue_stage_i.i_scoreboard/_24422_ (net)
                  0.07    0.00    4.05 ^ issue_stage_i.i_scoreboard/_57505_/A1 (AND4_X1)
     3    5.61    0.02    0.08    4.14 ^ issue_stage_i.i_scoreboard/_57505_/ZN (AND4_X1)
                                         issue_stage_i.i_scoreboard/_24428_ (net)
                  0.02    0.00    4.14 ^ issue_stage_i.i_scoreboard/_57517_/B1 (AOI21_X1)
     3   23.33    0.04    0.06    4.20 v issue_stage_i.i_scoreboard/_57517_/ZN (AOI21_X1)
                                         issue_stage_i.i_scoreboard/_24439_ (net)
                  0.04    0.00    4.20 v issue_stage_i.i_scoreboard/_57558_/A2 (NOR2_X1)
     4   13.78    0.07    0.10    4.30 ^ issue_stage_i.i_scoreboard/_57558_/ZN (NOR2_X1)
                                         issue_stage_i.i_scoreboard/_24479_ (net)
                  0.07    0.00    4.31 ^ issue_stage_i.i_scoreboard/_57559_/B2 (OAI21_X1)
     2    4.46    0.03    0.04    4.34 v issue_stage_i.i_scoreboard/_57559_/ZN (OAI21_X1)
                                         issue_stage_i.i_scoreboard/_24480_ (net)
                  0.03    0.00    4.34 v issue_stage_i.i_scoreboard/_58539_/B2 (AOI22_X1)
     4    9.65    0.06    0.09    4.44 ^ issue_stage_i.i_scoreboard/_58539_/ZN (AOI22_X1)
                                         issue_stage_i.rs2_valid_iro_sb (net)
                  0.06    0.00    4.44 ^ issue_stage_i.i_issue_read_operands/_14717_/A (INV_X1)
     4   11.23    0.02    0.03    4.47 v issue_stage_i.i_issue_read_operands/_14717_/ZN (INV_X1)
                                         issue_stage_i.i_issue_read_operands/_11492_ (net)
                  0.02    0.00    4.47 v issue_stage_i.i_issue_read_operands/_14739_/A (AOI21_X1)
     1    3.63    0.03    0.06    4.53 ^ issue_stage_i.i_issue_read_operands/_14739_/ZN (AOI21_X1)
                                         issue_stage_i.i_issue_read_operands/_11514_ (net)
                  0.03    0.00    4.53 ^ issue_stage_i.i_issue_read_operands/_15440_/B2 (OAI222_X2)
     2   24.83    0.05    0.08    4.60 v issue_stage_i.i_issue_read_operands/_15440_/ZN (OAI222_X2)
                                         issue_stage_i.i_issue_read_operands/_12215_ (net)
                  0.05    0.00    4.61 v issue_stage_i.i_issue_read_operands/_15444_/B1 (AOI21_X1)
     1    1.14    0.02    0.04    4.64 ^ issue_stage_i.i_issue_read_operands/_15444_/ZN (AOI21_X1)
                                         issue_stage_i.issue_ack_iro_sb (net)
                  0.02    0.00    4.64 ^ issue_stage_i.i_scoreboard/place23937/A (BUF_X1)
     6   24.66    0.06    0.08    4.72 ^ issue_stage_i.i_scoreboard/place23937/Z (BUF_X1)
                                         issue_stage_i.i_scoreboard/net23936 (net)
                  0.06    0.00    4.72 ^ issue_stage_i.i_scoreboard/_29256_/A2 (AND2_X1)
     1    6.77    0.02    0.06    4.78 ^ issue_stage_i.i_scoreboard/_29256_/ZN (AND2_X1)
                                         issue_stage_i.i_scoreboard/_25591_ (net)
                  0.02    0.00    4.78 ^ issue_stage_i.i_scoreboard/_29257_/A4 (NAND4_X4)
    15   70.97    0.07    0.09    4.87 v issue_stage_i.i_scoreboard/_29257_/ZN (NAND4_X4)
                                         issue_stage_i.i_scoreboard/_25592_ (net)
                  0.07    0.01    4.88 v issue_stage_i.i_scoreboard/place23911/A (BUF_X1)
     7   24.94    0.03    0.08    4.96 v issue_stage_i.i_scoreboard/place23911/Z (BUF_X1)
                                         issue_stage_i.i_scoreboard/net23910 (net)
                  0.03    0.00    4.96 v issue_stage_i.i_scoreboard/_29352_/S (MUX2_X1)
     3    5.77    0.02    0.07    5.03 ^ issue_stage_i.i_scoreboard/_29352_/Z (MUX2_X1)
                                         issue_stage_i.i_scoreboard/_25663_ (net)
                  0.02    0.00    5.03 ^ issue_stage_i.i_scoreboard/_29353_/A (INV_X1)
     3    6.70    0.01    0.02    5.05 v issue_stage_i.i_scoreboard/_29353_/ZN (INV_X1)
                                         issue_stage_i.i_scoreboard/mem_n[1380] (net)
                  0.01    0.00    5.05 v issue_stage_i.i_scoreboard/_40444_/B2 (AOI221_X1)
     1    2.68    0.05    0.09    5.13 ^ issue_stage_i.i_scoreboard/_40444_/ZN (AOI221_X1)
                                         issue_stage_i.i_scoreboard/_09602_ (net)
                  0.05    0.00    5.14 ^ issue_stage_i.i_scoreboard/_40446_/B2 (AOI222_X1)
     2    5.03    0.03    0.04    5.17 v issue_stage_i.i_scoreboard/_40446_/ZN (AOI222_X1)
                                         issue_stage_i.i_scoreboard/_09604_ (net)
                  0.03    0.00    5.18 v issue_stage_i.i_scoreboard/_40448_/A4 (AND4_X1)
     1    5.97    0.01    0.06    5.23 v issue_stage_i.i_scoreboard/_40448_/ZN (AND4_X1)
                                         issue_stage_i.i_scoreboard/_09606_ (net)
                  0.01    0.00    5.23 v issue_stage_i.i_scoreboard/_40449_/A3 (NOR3_X4)
     2   27.97    0.06    0.09    5.33 ^ issue_stage_i.i_scoreboard/_40449_/ZN (NOR3_X4)
                                         issue_stage_i.i_scoreboard/_09607_ (net)
                  0.06    0.01    5.33 ^ issue_stage_i.i_scoreboard/place23417/A (BUF_X2)
    11   58.57    0.07    0.09    5.43 ^ issue_stage_i.i_scoreboard/place23417/Z (BUF_X2)
                                         issue_stage_i.i_scoreboard/net23416 (net)
                  0.07    0.01    5.43 ^ issue_stage_i.i_scoreboard/_50049_/A1 (OR2_X2)
     4   25.76    0.03    0.06    5.49 ^ issue_stage_i.i_scoreboard/_50049_/ZN (OR2_X2)
                                         issue_stage_i.i_scoreboard/_17733_ (net)
                  0.03    0.01    5.49 ^ issue_stage_i.i_scoreboard/place23248/A (BUF_X1)
    10   34.28    0.08    0.10    5.60 ^ issue_stage_i.i_scoreboard/place23248/Z (BUF_X1)
                                         issue_stage_i.i_scoreboard/net23247 (net)
                  0.08    0.01    5.60 ^ issue_stage_i.i_scoreboard/place23245/A (BUF_X2)
    23   71.56    0.08    0.11    5.71 ^ issue_stage_i.i_scoreboard/place23245/Z (BUF_X2)
                                         issue_stage_i.i_scoreboard/net23244 (net)
                  0.08    0.00    5.72 ^ issue_stage_i.i_scoreboard/place23244/A (BUF_X1)
    12   37.82    0.09    0.12    5.84 ^ issue_stage_i.i_scoreboard/place23244/Z (BUF_X1)
                                         issue_stage_i.i_scoreboard/net23243 (net)
                  0.09    0.00    5.84 ^ issue_stage_i.i_scoreboard/_50182_/A2 (NOR2_X1)
     1    3.64    0.02    0.02    5.86 v issue_stage_i.i_scoreboard/_50182_/ZN (NOR2_X1)
                                         issue_stage_i.i_scoreboard/_17849_ (net)
                  0.02    0.00    5.86 v issue_stage_i.i_scoreboard/_50188_/A (AOI221_X2)
     1    1.75    0.04    0.07    5.93 ^ issue_stage_i.i_scoreboard/_50188_/ZN (AOI221_X2)
                                         issue_stage_i.i_scoreboard/mem_n[511] (net)
                  0.04    0.00    5.93 ^ issue_stage_i.i_scoreboard/mem_q[511]$_DFF_PN0_/D (DFFR_X1)
                                  5.93   data arrival time

                          6.00    6.00   clock core_clock (rise edge)
                          0.00    6.00   clock source latency
     1   53.38    0.00    0.00    6.00 ^ clk_i (in)
                                         clk_i (net)
                  0.02    0.02    6.02 ^ wire38705/A (BUF_X16)
     2   55.41    0.01    0.02    6.04 ^ wire38705/Z (BUF_X16)
                                         net38704 (net)
                  0.02    0.02    6.06 ^ clkbuf_regs_0_core_clock/A (CLKBUF_X3)
     1    1.82    0.01    0.03    6.09 ^ clkbuf_regs_0_core_clock/Z (CLKBUF_X3)
                                         clk_i_regs (net)
                  0.01    0.00    6.09 ^ clkbuf_0_clk_i_regs/A (CLKBUF_X3)
     2   44.68    0.03    0.06    6.15 ^ clkbuf_0_clk_i_regs/Z (CLKBUF_X3)
                                         clknet_0_clk_i_regs (net)
                  0.04    0.01    6.16 ^ clkbuf_1_0_0_clk_i_regs/A (CLKBUF_X3)
     2   23.86    0.02    0.06    6.22 ^ clkbuf_1_0_0_clk_i_regs/Z (CLKBUF_X3)
                                         clknet_1_0_0_clk_i_regs (net)
                  0.02    0.00    6.22 ^ clkbuf_2_1_0_clk_i_regs/A (CLKBUF_X3)
     2   26.71    0.02    0.05    6.27 ^ clkbuf_2_1_0_clk_i_regs/Z (CLKBUF_X3)
                                         clknet_2_1_0_clk_i_regs (net)
                  0.02    0.01    6.28 ^ clkbuf_3_2_0_clk_i_regs/A (CLKBUF_X3)
     2   27.95    0.02    0.05    6.33 ^ clkbuf_3_2_0_clk_i_regs/Z (CLKBUF_X3)
                                         clknet_3_2_0_clk_i_regs (net)
                  0.02    0.00    6.34 ^ clkbuf_4_5_0_clk_i_regs/A (CLKBUF_X3)
     4   28.91    0.02    0.05    6.39 ^ clkbuf_4_5_0_clk_i_regs/Z (CLKBUF_X3)
                                         clknet_4_5_0_clk_i_regs (net)
                  0.02    0.00    6.40 ^ clkbuf_6_23_0_clk_i_regs/A (CLKBUF_X3)
     4   25.64    0.02    0.05    6.45 ^ clkbuf_6_23_0_clk_i_regs/Z (CLKBUF_X3)
                                         clknet_6_23_0_clk_i_regs (net)
                  0.02    0.00    6.45 ^ clkbuf_8_94__f_clk_i_regs/A (CLKBUF_X3)
    13   41.95    0.03    0.07    6.52 ^ clkbuf_8_94__f_clk_i_regs/Z (CLKBUF_X3)
                                         clknet_8_94__leaf_clk_i_regs (net)
                  0.03    0.00    6.52 ^ clkbuf_leaf_988_clk_i_regs/A (CLKBUF_X3)
     7   11.70    0.01    0.05    6.57 ^ clkbuf_leaf_988_clk_i_regs/Z (CLKBUF_X3)
                                         clknet_leaf_988_clk_i_regs (net)
                  0.01    0.00    6.57 ^ issue_stage_i.i_scoreboard/mem_q[511]$_DFF_PN0_/CK (DFFR_X1)
                          0.00    6.57   clock reconvergence pessimism
                         -0.04    6.53   library setup time
                                  6.53   data required time
-----------------------------------------------------------------------------
                                  6.53   data required time
                                 -5.93   data arrival time
-----------------------------------------------------------------------------
                                  0.60   slack (MET)



==========================================================================
finish report_checks -unconstrained
--------------------------------------------------------------------------
Startpoint: rst_ni (input port clocked by core_clock)
Endpoint: ex_stage_i/i_mult.i_multiplier/mult_result_q[110]$_DFF_PN0_
          (recovery check against rising-edge clock core_clock)
Path Group: asynchronous
Path Type: max

Fanout     Cap    Slew   Delay    Time   Description
-----------------------------------------------------------------------------
                          0.00    0.00   clock core_clock (rise edge)
                          0.00    0.00   clock network delay (propagated)
                          0.00    0.00 ^ input external delay
     1    2.17    0.00    0.00    0.00 ^ rst_ni (in)
                                         rst_ni (net)
                  0.00    0.00    0.00 ^ hold41790/A (CLKBUF_X1)
     1    1.77    0.01    0.03    0.03 ^ hold41790/Z (CLKBUF_X1)
                                         net41789 (net)
                  0.01    0.00    0.03 ^ hold38725/A (CLKBUF_X1)
     1    0.90    0.01    0.03    0.05 ^ hold38725/Z (CLKBUF_X1)
                                         net38724 (net)
                  0.01    0.00    0.05 ^ hold38717/A (CLKBUF_X1)
     1    0.91    0.01    0.03    0.08 ^ hold38717/Z (CLKBUF_X1)
                                         net38716 (net)
                  0.01    0.00    0.08 ^ hold38726/A (CLKBUF_X1)
     1    0.87    0.01    0.03    0.10 ^ hold38726/Z (CLKBUF_X1)
                                         net38725 (net)
                  0.01    0.00    0.10 ^ hold38713/A (CLKBUF_X1)
     1    1.23    0.01    0.03    0.13 ^ hold38713/Z (CLKBUF_X1)
                                         net38712 (net)
                  0.01    0.00    0.13 ^ hold38727/A (CLKBUF_X1)
     1    1.20    0.01    0.03    0.15 ^ hold38727/Z (CLKBUF_X1)
                                         net38726 (net)
                  0.01    0.00    0.15 ^ hold38718/A (CLKBUF_X1)
     1    1.87    0.01    0.03    0.18 ^ hold38718/Z (CLKBUF_X1)
                                         net38717 (net)
                  0.01    0.00    0.18 ^ hold38728/A (CLKBUF_X1)
     1    1.25    0.01    0.03    0.21 ^ hold38728/Z (CLKBUF_X1)
                                         net38727 (net)
                  0.01    0.00    0.21 ^ hold38711/A (CLKBUF_X1)
     1    0.90    0.01    0.03    0.24 ^ hold38711/Z (CLKBUF_X1)
                                         net38710 (net)
                  0.01    0.00    0.24 ^ hold38729/A (CLKBUF_X1)
     1    0.90    0.01    0.03    0.26 ^ hold38729/Z (CLKBUF_X1)
                                         net38728 (net)
                  0.01    0.00    0.26 ^ hold38719/A (CLKBUF_X1)
     1    0.96    0.01    0.03    0.29 ^ hold38719/Z (CLKBUF_X1)
                                         net38718 (net)
                  0.01    0.00    0.29 ^ hold38730/A (CLKBUF_X1)
     1    1.00    0.01    0.03    0.31 ^ hold38730/Z (CLKBUF_X1)
                                         net38729 (net)
                  0.01    0.00    0.31 ^ hold38714/A (CLKBUF_X1)
     1    1.00    0.01    0.03    0.34 ^ hold38714/Z (CLKBUF_X1)
                                         net38713 (net)
                  0.01    0.00    0.34 ^ hold38731/A (CLKBUF_X1)
     1    0.98    0.01    0.03    0.36 ^ hold38731/Z (CLKBUF_X1)
                                         net38730 (net)
                  0.01    0.00    0.36 ^ hold38720/A (CLKBUF_X1)
     1    0.97    0.01    0.03    0.39 ^ hold38720/Z (CLKBUF_X1)
                                         net38719 (net)
                  0.01    0.00    0.39 ^ hold38732/A (CLKBUF_X1)
     1    1.51    0.01    0.03    0.42 ^ hold38732/Z (CLKBUF_X1)
                                         net38731 (net)
                  0.01    0.00    0.42 ^ input3782/A (CLKBUF_X3)
     1    1.81    0.01    0.03    0.44 ^ input3782/Z (CLKBUF_X3)
                                         net3781 (net)
                  0.01    0.00    0.44 ^ hold38733/A (CLKBUF_X1)
     1    1.82    0.01    0.03    0.47 ^ hold38733/Z (CLKBUF_X1)
                                         net38732 (net)
                  0.01    0.00    0.47 ^ hold38721/A (CLKBUF_X1)
     1    2.18    0.01    0.03    0.50 ^ hold38721/Z (CLKBUF_X1)
                                         net38720 (net)
                  0.01    0.00    0.50 ^ hold38734/A (CLKBUF_X1)
     1    1.80    0.01    0.03    0.53 ^ hold38734/Z (CLKBUF_X1)
                                         net38733 (net)
                  0.01    0.00    0.53 ^ hold38715/A (CLKBUF_X1)
     1    1.67    0.01    0.03    0.56 ^ hold38715/Z (CLKBUF_X1)
                                         net38714 (net)
                  0.01    0.00    0.56 ^ hold38735/A (CLKBUF_X1)
     1    1.65    0.01    0.03    0.59 ^ hold38735/Z (CLKBUF_X1)
                                         net38734 (net)
                  0.01    0.00    0.59 ^ hold38722/A (CLKBUF_X1)
     1    1.62    0.01    0.03    0.62 ^ hold38722/Z (CLKBUF_X1)
                                         net38721 (net)
                  0.01    0.00    0.62 ^ hold38736/A (CLKBUF_X1)
     1    2.71    0.01    0.03    0.65 ^ hold38736/Z (CLKBUF_X1)
                                         net38735 (net)
                  0.01    0.00    0.65 ^ hold38712/A (CLKBUF_X3)
     1    1.83    0.01    0.03    0.67 ^ hold38712/Z (CLKBUF_X3)
                                         net38711 (net)
                  0.01    0.00    0.67 ^ hold38737/A (CLKBUF_X1)
     1    1.50    0.01    0.03    0.70 ^ hold38737/Z (CLKBUF_X1)
                                         net38736 (net)
                  0.01    0.00    0.70 ^ hold38723/A (CLKBUF_X1)
     1    1.63    0.01    0.03    0.73 ^ hold38723/Z (CLKBUF_X1)
                                         net38722 (net)
                  0.01    0.00    0.73 ^ hold38738/A (CLKBUF_X1)
     1    2.36    0.01    0.03    0.76 ^ hold38738/Z (CLKBUF_X1)
                                         net38737 (net)
                  0.01    0.00    0.76 ^ hold38716/A (CLKBUF_X3)
     1    3.37    0.01    0.03    0.79 ^ hold38716/Z (CLKBUF_X3)
                                         net38715 (net)
                  0.01    0.00    0.79 ^ hold38724/A (CLKBUF_X3)
    17   87.39    0.06    0.08    0.87 ^ hold38724/Z (CLKBUF_X3)
                                         net38723 (net)
                  0.06    0.00    0.88 ^ place38012/A (BUF_X2)
    16  113.12    0.12    0.15    1.02 ^ place38012/Z (BUF_X2)
                                         net38011 (net)
                  0.13    0.04    1.06 ^ place37784/A (BUF_X2)
     4   35.62    0.04    0.07    1.13 ^ place37784/Z (BUF_X2)
                                         net37783 (net)
                  0.04    0.01    1.14 ^ place37783/A (BUF_X2)
     3   17.63    0.02    0.04    1.19 ^ place37783/Z (BUF_X2)
                                         net37782 (net)
                  0.02    0.00    1.19 ^ place37782/A (BUF_X2)
     9   46.97    0.05    0.07    1.26 ^ place37782/Z (BUF_X2)
                                         net37781 (net)
                  0.05    0.02    1.28 ^ ex_stage_i/place37751/A (BUF_X2)
    22   53.06    0.06    0.09    1.36 ^ ex_stage_i/place37751/Z (BUF_X2)
                                         ex_stage_i/net37750 (net)
                  0.06    0.01    1.37 ^ ex_stage_i/place37750/A (BUF_X2)
    18   41.58    0.05    0.07    1.44 ^ ex_stage_i/place37750/Z (BUF_X2)
                                         ex_stage_i/net37749 (net)
                  0.05    0.00    1.45 ^ ex_stage_i/place37749/A (BUF_X1)
    15   34.19    0.08    0.11    1.55 ^ ex_stage_i/place37749/Z (BUF_X1)
                                         ex_stage_i/net37748 (net)
                  0.08    0.00    1.56 ^ ex_stage_i/place37748/A (BUF_X2)
    25   56.16    0.06    0.09    1.65 ^ ex_stage_i/place37748/Z (BUF_X2)
                                         ex_stage_i/net37747 (net)
                  0.06    0.01    1.66 ^ ex_stage_i/place37747/A (BUF_X2)
    29   66.21    0.07    0.10    1.76 ^ ex_stage_i/place37747/Z (BUF_X2)
                                         ex_stage_i/net37746 (net)
                  0.08    0.01    1.77 ^ ex_stage_i/place37746/A (BUF_X2)
    28   60.74    0.07    0.09    1.86 ^ ex_stage_i/place37746/Z (BUF_X2)
                                         ex_stage_i/net37745 (net)
                  0.07    0.01    1.87 ^ ex_stage_i/i_mult.i_multiplier/place37745/A (BUF_X1)
    20   41.92    0.09    0.13    2.00 ^ ex_stage_i/i_mult.i_multiplier/place37745/Z (BUF_X1)
                                         ex_stage_i/i_mult.i_multiplier/net37744 (net)
                  0.09    0.00    2.00 ^ ex_stage_i/i_mult.i_multiplier/mult_result_q[110]$_DFF_PN0_/RN (DFFR_X1)
                                  2.00   data arrival time

                          6.00    6.00   clock core_clock (rise edge)
                          0.00    6.00   clock source latency
     1   53.38    0.00    0.00    6.00 ^ clk_i (in)
                                         clk_i (net)
                  0.02    0.02    6.02 ^ wire38705/A (BUF_X16)
     2   55.41    0.01    0.02    6.04 ^ wire38705/Z (BUF_X16)
                                         net38704 (net)
                  0.02    0.02    6.06 ^ clkbuf_regs_0_core_clock/A (CLKBUF_X3)
     1    1.82    0.01    0.03    6.09 ^ clkbuf_regs_0_core_clock/Z (CLKBUF_X3)
                                         clk_i_regs (net)
                  0.01    0.00    6.09 ^ clkbuf_0_clk_i_regs/A (CLKBUF_X3)
     2   44.68    0.03    0.06    6.15 ^ clkbuf_0_clk_i_regs/Z (CLKBUF_X3)
                                         clknet_0_clk_i_regs (net)
                  0.03    0.01    6.16 ^ clkbuf_1_1_0_clk_i_regs/A (CLKBUF_X3)
     2   27.26    0.02    0.06    6.21 ^ clkbuf_1_1_0_clk_i_regs/Z (CLKBUF_X3)
                                         clknet_1_1_0_clk_i_regs (net)
                  0.02    0.01    6.22 ^ clkbuf_2_3_0_clk_i_regs/A (CLKBUF_X3)
     2   22.80    0.02    0.05    6.27 ^ clkbuf_2_3_0_clk_i_regs/Z (CLKBUF_X3)
                                         clknet_2_3_0_clk_i_regs (net)
                  0.02    0.00    6.27 ^ clkbuf_3_7_0_clk_i_regs/A (CLKBUF_X3)
     2   20.65    0.02    0.05    6.32 ^ clkbuf_3_7_0_clk_i_regs/Z (CLKBUF_X3)
                                         clknet_3_7_0_clk_i_regs (net)
                  0.02    0.00    6.32 ^ clkbuf_4_14_0_clk_i_regs/A (CLKBUF_X3)
     4   27.14    0.02    0.05    6.38 ^ clkbuf_4_14_0_clk_i_regs/Z (CLKBUF_X3)
                                         clknet_4_14_0_clk_i_regs (net)
                  0.02    0.00    6.38 ^ clkbuf_6_56_0_clk_i_regs/A (CLKBUF_X3)
     4   26.42    0.02    0.05    6.43 ^ clkbuf_6_56_0_clk_i_regs/Z (CLKBUF_X3)
                                         clknet_6_56_0_clk_i_regs (net)
                  0.02    0.00    6.44 ^ clkbuf_8_227__f_clk_i_regs/A (CLKBUF_X3)
     8   25.08    0.02    0.05    6.49 ^ clkbuf_8_227__f_clk_i_regs/Z (CLKBUF_X3)
                                         clknet_8_227__leaf_clk_i_regs (net)
                  0.02    0.00    6.49 ^ clkbuf_leaf_2101_clk_i_regs/A (CLKBUF_X3)
     8   10.00    0.01    0.04    6.53 ^ clkbuf_leaf_2101_clk_i_regs/Z (CLKBUF_X3)
                                         clknet_leaf_2101_clk_i_regs (net)
                  0.01    0.00    6.53 ^ ex_stage_i/i_mult.i_multiplier/mult_result_q[110]$_DFF_PN0_/CK (DFFR_X1)
                          0.00    6.53   clock reconvergence pessimism
                          0.04    6.57   library recovery time
                                  6.57   data required time
-----------------------------------------------------------------------------
                                  6.57   data required time
                                 -2.00   data arrival time
-----------------------------------------------------------------------------
                                  4.57   slack (MET)


Startpoint: issue_stage_i.i_scoreboard/commit_pointer_q[2]$_DFF_PN0_
            (rising edge-triggered flip-flop clocked by core_clock)
Endpoint: issue_stage_i.i_scoreboard/mem_q[511]$_DFF_PN0_
          (rising edge-triggered flip-flop clocked by core_clock)
Path Group: core_clock
Path Type: max

Fanout     Cap    Slew   Delay    Time   Description
-----------------------------------------------------------------------------
                          0.00    0.00   clock core_clock (rise edge)
                          0.00    0.00   clock source latency
     1   53.38    0.00    0.00    0.00 ^ clk_i (in)
                                         clk_i (net)
                  0.02    0.02    0.02 ^ wire38705/A (BUF_X16)
     2   55.41    0.01    0.02    0.04 ^ wire38705/Z (BUF_X16)
                                         net38704 (net)
                  0.02    0.02    0.06 ^ clkbuf_regs_0_core_clock/A (CLKBUF_X3)
     1    1.82    0.01    0.03    0.09 ^ clkbuf_regs_0_core_clock/Z (CLKBUF_X3)
                                         clk_i_regs (net)
                  0.01    0.00    0.09 ^ clkbuf_0_clk_i_regs/A (CLKBUF_X3)
     2   44.68    0.03    0.06    0.15 ^ clkbuf_0_clk_i_regs/Z (CLKBUF_X3)
                                         clknet_0_clk_i_regs (net)
                  0.04    0.01    0.16 ^ clkbuf_1_0_0_clk_i_regs/A (CLKBUF_X3)
     2   23.86    0.02    0.06    0.22 ^ clkbuf_1_0_0_clk_i_regs/Z (CLKBUF_X3)
                                         clknet_1_0_0_clk_i_regs (net)
                  0.02    0.00    0.22 ^ clkbuf_2_1_0_clk_i_regs/A (CLKBUF_X3)
     2   26.71    0.02    0.05    0.27 ^ clkbuf_2_1_0_clk_i_regs/Z (CLKBUF_X3)
                                         clknet_2_1_0_clk_i_regs (net)
                  0.02    0.01    0.28 ^ clkbuf_3_3_0_clk_i_regs/A (CLKBUF_X3)
     2   26.79    0.02    0.05    0.33 ^ clkbuf_3_3_0_clk_i_regs/Z (CLKBUF_X3)
                                         clknet_3_3_0_clk_i_regs (net)
                  0.02    0.00    0.34 ^ clkbuf_4_6_0_clk_i_regs/A (CLKBUF_X3)
     4   36.65    0.03    0.06    0.40 ^ clkbuf_4_6_0_clk_i_regs/Z (CLKBUF_X3)
                                         clknet_4_6_0_clk_i_regs (net)
                  0.03    0.01    0.40 ^ clkbuf_6_26_0_clk_i_regs/A (CLKBUF_X3)
     4   47.01    0.04    0.07    0.47 ^ clkbuf_6_26_0_clk_i_regs/Z (CLKBUF_X3)
                                         clknet_6_26_0_clk_i_regs (net)
                  0.04    0.01    0.48 ^ clkbuf_8_106__f_clk_i_regs/A (CLKBUF_X3)
    26   97.75    0.07    0.11    0.59 ^ clkbuf_8_106__f_clk_i_regs/Z (CLKBUF_X3)
                                         clknet_8_106__leaf_clk_i_regs (net)
                  0.07    0.01    0.59 ^ clkbuf_leaf_566_clk_i_regs/A (CLKBUF_X3)
     6   10.06    0.01    0.05    0.65 ^ clkbuf_leaf_566_clk_i_regs/Z (CLKBUF_X3)
                                         clknet_leaf_566_clk_i_regs (net)
                  0.01    0.00    0.65 ^ issue_stage_i.i_scoreboard/commit_pointer_q[2]$_DFF_PN0_/CK (DFFR_X2)
     9   32.00    0.04    0.16    0.81 ^ issue_stage_i.i_scoreboard/commit_pointer_q[2]$_DFF_PN0_/Q (DFFR_X2)
                                         issue_stage_i.i_scoreboard/commit_pointer_q[2] (net)
                  0.04    0.00    0.81 ^ issue_stage_i.i_scoreboard/place34804/A (BUF_X2)
    15   58.05    0.06    0.08    0.90 ^ issue_stage_i.i_scoreboard/place34804/Z (BUF_X2)
                                         issue_stage_i.i_scoreboard/net34803 (net)
                  0.06    0.00    0.90 ^ issue_stage_i.i_scoreboard/_30490_/A1 (AND2_X2)
    17   94.13    0.10    0.13    1.03 ^ issue_stage_i.i_scoreboard/_30490_/ZN (AND2_X2)
                                         issue_stage_i.i_scoreboard/_25991_ (net)
                  0.11    0.03    1.07 ^ issue_stage_i.i_scoreboard/place32297/A (BUF_X2)
    21   50.36    0.06    0.09    1.15 ^ issue_stage_i.i_scoreboard/place32297/Z (BUF_X2)
                                         issue_stage_i.i_scoreboard/net32296 (net)
                  0.06    0.00    1.15 ^ issue_stage_i.i_scoreboard/_33331_/A2 (NAND2_X1)
     1    1.57    0.01    0.02    1.17 v issue_stage_i.i_scoreboard/_33331_/ZN (NAND2_X1)
                                         issue_stage_i.i_scoreboard/_03169_ (net)
                  0.01    0.00    1.17 v issue_stage_i.i_scoreboard/_33333_/B1 (AOI21_X1)
     1    1.87    0.02    0.03    1.20 ^ issue_stage_i.i_scoreboard/_33333_/ZN (AOI21_X1)
                                         issue_stage_i.i_scoreboard/_03171_ (net)
                  0.02    0.00    1.20 ^ issue_stage_i.i_scoreboard/_33335_/A (AOI21_X1)
     1    1.76    0.02    0.02    1.22 v issue_stage_i.i_scoreboard/_33335_/ZN (AOI21_X1)
                                         issue_stage_i.i_scoreboard/_03173_ (net)
                  0.02    0.00    1.22 v issue_stage_i.i_scoreboard/_33336_/B1 (OAI21_X1)
     1    1.41    0.02    0.03    1.25 ^ issue_stage_i.i_scoreboard/_33336_/ZN (OAI21_X1)
                                         issue_stage_i.i_scoreboard/_03174_ (net)
                  0.02    0.00    1.25 ^ issue_stage_i.i_scoreboard/_33337_/A (MUX2_X1)
     1    2.67    0.01    0.04    1.29 ^ issue_stage_i.i_scoreboard/_33337_/Z (MUX2_X1)
                                         issue_stage_i.i_scoreboard/_03175_ (net)
                  0.01    0.00    1.29 ^ issue_stage_i.i_scoreboard/_33338_/B (MUX2_X1)
     1    1.74    0.01    0.04    1.33 ^ issue_stage_i.i_scoreboard/_33338_/Z (MUX2_X1)
                                         issue_stage_i.i_scoreboard/_03176_ (net)
                  0.01    0.00    1.33 ^ issue_stage_i.i_scoreboard/_33339_/B (MUX2_X1)
     1    1.20    0.01    0.03    1.36 ^ issue_stage_i.i_scoreboard/_33339_/Z (MUX2_X1)
                                         issue_stage_i.i_scoreboard/_03177_ (net)
                  0.01    0.00    1.36 ^ issue_stage_i.i_scoreboard/_33340_/B (MUX2_X1)
     7   19.34    0.05    0.08    1.44 ^ issue_stage_i.i_scoreboard/_33340_/Z (MUX2_X1)
                                         commit_instr_id_commit[286] (net)
                  0.05    0.00    1.44 ^ _05180_/A2 (AND2_X1)
     1    1.75    0.01    0.04    1.48 ^ _05180_/ZN (AND2_X1)
                                         _00568_ (net)
                  0.01    0.00    1.48 ^ _05182_/A (OAI21_X1)
     1    1.66    0.02    0.02    1.50 v _05182_/ZN (OAI21_X1)
                                         _00570_ (net)
                  0.02    0.00    1.50 v _05183_/B2 (AOI21_X1)
     1    1.89    0.02    0.03    1.54 ^ _05183_/ZN (AOI21_X1)
                                         _00571_ (net)
                  0.02    0.00    1.54 ^ _05188_/A2 (AOI22_X1)
     5   13.86    0.03    0.04    1.58 v _05188_/ZN (AOI22_X1)
                                         _00576_ (net)
                  0.03    0.00    1.58 v _05204_/A2 (NOR2_X1)
     4    7.12    0.04    0.07    1.65 ^ _05204_/ZN (NOR2_X1)
                                         _00589_ (net)
                  0.04    0.00    1.65 ^ _05227_/B2 (OAI21_X1)
     7   20.45    0.04    0.07    1.71 v _05227_/ZN (OAI21_X1)
                                         _00611_ (net)
                  0.04    0.00    1.72 v _09239_/A2 (NOR2_X4)
    24   40.11    0.05    0.08    1.80 ^ _09239_/ZN (NOR2_X4)
                                         _03845_ (net)
                  0.05    0.00    1.80 ^ _09244_/A2 (AND2_X1)
     7   25.38    0.06    0.10    1.89 ^ _09244_/ZN (AND2_X1)
                                         commit_stage_i.csr_op_o[0] (net)
                  0.06    0.00    1.90 ^ csr_regfile_i/_09095_/A (INV_X1)
     3    6.99    0.02    0.02    1.92 v csr_regfile_i/_09095_/ZN (INV_X1)
                                         csr_regfile_i/_03937_ (net)
                  0.02    0.00    1.92 v csr_regfile_i/_09096_/A1 (NAND2_X1)
     2    3.98    0.01    0.02    1.95 ^ csr_regfile_i/_09096_/ZN (NAND2_X1)
                                         csr_regfile_i/_03938_ (net)
                  0.01    0.00    1.95 ^ csr_regfile_i/_09097_/B2 (OAI21_X1)
     1    2.32    0.01    0.02    1.97 v csr_regfile_i/_09097_/ZN (OAI21_X1)
                                         csr_regfile_i/_03939_ (net)
                  0.01    0.00    1.97 v csr_regfile_i/place27125/A (BUF_X1)
     6   27.22    0.03    0.06    2.02 v csr_regfile_i/place27125/Z (BUF_X1)
                                         csr_regfile_i/net27124 (net)
                  0.03    0.01    2.03 v csr_regfile_i/_09105_/A2 (NAND4_X1)
     1    1.81    0.02    0.03    2.06 ^ csr_regfile_i/_09105_/ZN (NAND4_X1)
                                         csr_regfile_i/_03947_ (net)
                  0.02    0.00    2.06 ^ csr_regfile_i/_09106_/A4 (NOR4_X1)
     1    4.32    0.02    0.02    2.08 v csr_regfile_i/_09106_/ZN (NOR4_X1)
                                         csr_regfile_i/_03948_ (net)
                  0.02    0.00    2.08 v csr_regfile_i/_09148_/A2 (NOR4_X2)
     3   16.38    0.10    0.14    2.22 ^ csr_regfile_i/_09148_/ZN (NOR4_X2)
                                         csr_regfile_i/_03990_ (net)
                  0.10    0.00    2.22 ^ csr_regfile_i/_09149_/A2 (NOR2_X1)
     5   10.02    0.03    0.04    2.26 v csr_regfile_i/_09149_/ZN (NOR2_X1)
                                         csr_regfile_i/_03991_ (net)
                  0.03    0.00    2.26 v csr_regfile_i/_09150_/A2 (NOR2_X1)
     5   22.20    0.11    0.14    2.40 ^ csr_regfile_i/_09150_/ZN (NOR2_X1)
                                         commit_stage_i.csr_exception_i[128] (net)
                  0.11    0.00    2.40 ^ _05199_/A2 (NAND3_X1)
     3   10.71    0.04    0.07    2.47 v _05199_/ZN (NAND3_X1)
                                         _00585_ (net)
                  0.04    0.00    2.47 v _09351_/A2 (OR2_X1)
     2    5.44    0.01    0.07    2.54 v _09351_/ZN (OR2_X1)
                                         _03883_ (net)
                  0.01    0.00    2.54 v _09353_/A1 (NAND2_X2)
    32   69.64    0.08    0.09    2.63 ^ _09353_/ZN (NAND2_X2)
                                         _03885_ (net)
                  0.08    0.01    2.64 ^ _09487_/B1 (AOI22_X1)
     1    2.11    0.03    0.04    2.68 v _09487_/ZN (AOI22_X1)
                                         _03930_ (net)
                  0.03    0.00    2.68 v _09488_/A2 (NOR2_X1)
     7   13.18    0.07    0.09    2.77 ^ _09488_/ZN (NOR2_X1)
                                         commit_stage_i.exception_o[65] (net)
                  0.07    0.00    2.77 ^ csr_regfile_i/_09566_/A2 (AND2_X1)
     3    7.37    0.02    0.06    2.83 ^ csr_regfile_i/_09566_/ZN (AND2_X1)
                                         csr_regfile_i/_04398_ (net)
                  0.02    0.00    2.83 ^ csr_regfile_i/_13832_/A1 (NAND3_X1)
     1    1.82    0.01    0.02    2.85 v csr_regfile_i/_13832_/ZN (NAND3_X1)
                                         csr_regfile_i/_07943_ (net)
                  0.01    0.00    2.85 v csr_regfile_i/_13836_/A2 (NOR3_X1)
     1    3.13    0.04    0.06    2.91 ^ csr_regfile_i/_13836_/ZN (NOR3_X1)
                                         csr_regfile_i/_07947_ (net)
                  0.04    0.00    2.91 ^ csr_regfile_i/_13837_/A4 (NAND4_X1)
     1   12.14    0.05    0.07    2.98 v csr_regfile_i/_13837_/ZN (NAND4_X1)
                                         csr_regfile_i/_07948_ (net)
                  0.05    0.00    2.98 v csr_regfile_i/place25218/A (BUF_X1)
     7   18.68    0.02    0.07    3.05 v csr_regfile_i/place25218/Z (BUF_X1)
                                         csr_regfile_i/net25217 (net)
                  0.02    0.00    3.05 v csr_regfile_i/_13864_/A1 (NOR2_X1)
     2    3.66    0.02    0.04    3.09 ^ csr_regfile_i/_13864_/ZN (NOR2_X1)
                                         csr_regfile_i/_07972_ (net)
                  0.02    0.00    3.09 ^ csr_regfile_i/_16297_/B1 (OAI21_X1)
     1    3.14    0.02    0.02    3.12 v csr_regfile_i/_16297_/ZN (OAI21_X1)
                                         csr_regfile_i/_03125_ (net)
                  0.02    0.00    3.12 v csr_regfile_i/_16298_/A (OAI21_X2)
     4   13.59    0.04    0.04    3.15 ^ csr_regfile_i/_16298_/ZN (OAI21_X2)
                                         controller_i.set_debug_pc_i (net)
                  0.04    0.00    3.15 ^ _06262_/A2 (NOR3_X1)
     1    6.57    0.02    0.03    3.18 v _06262_/ZN (NOR3_X1)
                                         _01497_ (net)
                  0.02    0.00    3.18 v _06263_/A2 (NAND2_X4)
     1   16.51    0.01    0.03    3.20 ^ _06263_/ZN (NAND2_X4)
                                         controller_i.flush_ex_o (net)
                  0.01    0.00    3.21 ^ place24196/A (BUF_X2)
    11   74.81    0.08    0.09    3.30 ^ place24196/Z (BUF_X2)
                                         net24195 (net)
                  0.09    0.03    3.33 ^ ex_stage_i/_23031_/A (INV_X1)
     2    5.28    0.02    0.02    3.35 v ex_stage_i/_23031_/ZN (INV_X1)
                                         ex_stage_i/_04565_ (net)
                  0.02    0.00    3.35 v ex_stage_i/_30666_/B2 (AOI21_X2)
     2    4.69    0.03    0.04    3.39 ^ ex_stage_i/_30666_/ZN (AOI21_X2)
                                         ex_stage_i/_09850_ (net)
                  0.03    0.00    3.39 ^ ex_stage_i/_31507_/A2 (NOR2_X2)
     8   25.31    0.03    0.03    3.42 v ex_stage_i/_31507_/ZN (NOR2_X2)
                                         ex_stage_i/_10689_ (net)
                  0.03    0.00    3.42 v ex_stage_i/place24137/A (BUF_X2)
     5   32.29    0.02    0.05    3.47 v ex_stage_i/place24137/Z (BUF_X2)
                                         ex_stage_i/net24136 (net)
                  0.02    0.01    3.48 v ex_stage_i/_33895_/S (MUX2_X2)
    24   53.87    0.06    0.12    3.60 ^ ex_stage_i/_33895_/Z (MUX2_X2)
                                         flu_trans_id_ex_id[0] (net)
                  0.06    0.01    3.61 ^ issue_stage_i.i_scoreboard/place24093/A (BUF_X1)
    18   41.23    0.09    0.13    3.74 ^ issue_stage_i.i_scoreboard/place24093/Z (BUF_X1)
                                         issue_stage_i.i_scoreboard/net24092 (net)
                  0.09    0.00    3.74 ^ issue_stage_i.i_scoreboard/_56277_/S (MUX2_X1)
     2    3.63    0.02    0.06    3.79 ^ issue_stage_i.i_scoreboard/_56277_/Z (MUX2_X1)
                                         issue_stage_i.i_scoreboard/_23265_ (net)
                  0.02    0.00    3.79 ^ issue_stage_i.i_scoreboard/_56278_/A2 (NAND2_X1)
     1    1.65    0.02    0.01    3.81 v issue_stage_i.i_scoreboard/_56278_/ZN (NAND2_X1)
                                         issue_stage_i.i_scoreboard/_23266_ (net)
                  0.02    0.00    3.81 v issue_stage_i.i_scoreboard/_56279_/B2 (AOI21_X1)
     4    6.90    0.04    0.06    3.87 ^ issue_stage_i.i_scoreboard/_56279_/ZN (AOI21_X1)
                                         issue_stage_i.i_scoreboard/_23267_ (net)
                  0.04    0.00    3.87 ^ issue_stage_i.i_scoreboard/_57497_/A3 (OR4_X1)
     1    2.67    0.01    0.04    3.91 ^ issue_stage_i.i_scoreboard/_57497_/ZN (OR4_X1)
                                         issue_stage_i.i_scoreboard/_24420_ (net)
                  0.01    0.00    3.91 ^ issue_stage_i.i_scoreboard/_57498_/A4 (NAND4_X1)
     1    1.93    0.02    0.03    3.94 v issue_stage_i.i_scoreboard/_57498_/ZN (NAND4_X1)
                                         issue_stage_i.i_scoreboard/_24421_ (net)
                  0.02    0.00    3.94 v issue_stage_i.i_scoreboard/_57499_/A4 (NOR4_X1)
     2    4.29    0.07    0.11    4.05 ^ issue_stage_i.i_scoreboard/_57499_/ZN (NOR4_X1)
                                         issue_stage_i.i_scoreboard/_24422_ (net)
                  0.07    0.00    4.05 ^ issue_stage_i.i_scoreboard/_57505_/A1 (AND4_X1)
     3    5.61    0.02    0.08    4.14 ^ issue_stage_i.i_scoreboard/_57505_/ZN (AND4_X1)
                                         issue_stage_i.i_scoreboard/_24428_ (net)
                  0.02    0.00    4.14 ^ issue_stage_i.i_scoreboard/_57517_/B1 (AOI21_X1)
     3   23.33    0.04    0.06    4.20 v issue_stage_i.i_scoreboard/_57517_/ZN (AOI21_X1)
                                         issue_stage_i.i_scoreboard/_24439_ (net)
                  0.04    0.00    4.20 v issue_stage_i.i_scoreboard/_57558_/A2 (NOR2_X1)
     4   13.78    0.07    0.10    4.30 ^ issue_stage_i.i_scoreboard/_57558_/ZN (NOR2_X1)
                                         issue_stage_i.i_scoreboard/_24479_ (net)
                  0.07    0.00    4.31 ^ issue_stage_i.i_scoreboard/_57559_/B2 (OAI21_X1)
     2    4.46    0.03    0.04    4.34 v issue_stage_i.i_scoreboard/_57559_/ZN (OAI21_X1)
                                         issue_stage_i.i_scoreboard/_24480_ (net)
                  0.03    0.00    4.34 v issue_stage_i.i_scoreboard/_58539_/B2 (AOI22_X1)
     4    9.65    0.06    0.09    4.44 ^ issue_stage_i.i_scoreboard/_58539_/ZN (AOI22_X1)
                                         issue_stage_i.rs2_valid_iro_sb (net)
                  0.06    0.00    4.44 ^ issue_stage_i.i_issue_read_operands/_14717_/A (INV_X1)
     4   11.23    0.02    0.03    4.47 v issue_stage_i.i_issue_read_operands/_14717_/ZN (INV_X1)
                                         issue_stage_i.i_issue_read_operands/_11492_ (net)
                  0.02    0.00    4.47 v issue_stage_i.i_issue_read_operands/_14739_/A (AOI21_X1)
     1    3.63    0.03    0.06    4.53 ^ issue_stage_i.i_issue_read_operands/_14739_/ZN (AOI21_X1)
                                         issue_stage_i.i_issue_read_operands/_11514_ (net)
                  0.03    0.00    4.53 ^ issue_stage_i.i_issue_read_operands/_15440_/B2 (OAI222_X2)
     2   24.83    0.05    0.08    4.60 v issue_stage_i.i_issue_read_operands/_15440_/ZN (OAI222_X2)
                                         issue_stage_i.i_issue_read_operands/_12215_ (net)
                  0.05    0.00    4.61 v issue_stage_i.i_issue_read_operands/_15444_/B1 (AOI21_X1)
     1    1.14    0.02    0.04    4.64 ^ issue_stage_i.i_issue_read_operands/_15444_/ZN (AOI21_X1)
                                         issue_stage_i.issue_ack_iro_sb (net)
                  0.02    0.00    4.64 ^ issue_stage_i.i_scoreboard/place23937/A (BUF_X1)
     6   24.66    0.06    0.08    4.72 ^ issue_stage_i.i_scoreboard/place23937/Z (BUF_X1)
                                         issue_stage_i.i_scoreboard/net23936 (net)
                  0.06    0.00    4.72 ^ issue_stage_i.i_scoreboard/_29256_/A2 (AND2_X1)
     1    6.77    0.02    0.06    4.78 ^ issue_stage_i.i_scoreboard/_29256_/ZN (AND2_X1)
                                         issue_stage_i.i_scoreboard/_25591_ (net)
                  0.02    0.00    4.78 ^ issue_stage_i.i_scoreboard/_29257_/A4 (NAND4_X4)
    15   70.97    0.07    0.09    4.87 v issue_stage_i.i_scoreboard/_29257_/ZN (NAND4_X4)
                                         issue_stage_i.i_scoreboard/_25592_ (net)
                  0.07    0.01    4.88 v issue_stage_i.i_scoreboard/place23911/A (BUF_X1)
     7   24.94    0.03    0.08    4.96 v issue_stage_i.i_scoreboard/place23911/Z (BUF_X1)
                                         issue_stage_i.i_scoreboard/net23910 (net)
                  0.03    0.00    4.96 v issue_stage_i.i_scoreboard/_29352_/S (MUX2_X1)
     3    5.77    0.02    0.07    5.03 ^ issue_stage_i.i_scoreboard/_29352_/Z (MUX2_X1)
                                         issue_stage_i.i_scoreboard/_25663_ (net)
                  0.02    0.00    5.03 ^ issue_stage_i.i_scoreboard/_29353_/A (INV_X1)
     3    6.70    0.01    0.02    5.05 v issue_stage_i.i_scoreboard/_29353_/ZN (INV_X1)
                                         issue_stage_i.i_scoreboard/mem_n[1380] (net)
                  0.01    0.00    5.05 v issue_stage_i.i_scoreboard/_40444_/B2 (AOI221_X1)
     1    2.68    0.05    0.09    5.13 ^ issue_stage_i.i_scoreboard/_40444_/ZN (AOI221_X1)
                                         issue_stage_i.i_scoreboard/_09602_ (net)
                  0.05    0.00    5.14 ^ issue_stage_i.i_scoreboard/_40446_/B2 (AOI222_X1)
     2    5.03    0.03    0.04    5.17 v issue_stage_i.i_scoreboard/_40446_/ZN (AOI222_X1)
                                         issue_stage_i.i_scoreboard/_09604_ (net)
                  0.03    0.00    5.18 v issue_stage_i.i_scoreboard/_40448_/A4 (AND4_X1)
     1    5.97    0.01    0.06    5.23 v issue_stage_i.i_scoreboard/_40448_/ZN (AND4_X1)
                                         issue_stage_i.i_scoreboard/_09606_ (net)
                  0.01    0.00    5.23 v issue_stage_i.i_scoreboard/_40449_/A3 (NOR3_X4)
     2   27.97    0.06    0.09    5.33 ^ issue_stage_i.i_scoreboard/_40449_/ZN (NOR3_X4)
                                         issue_stage_i.i_scoreboard/_09607_ (net)
                  0.06    0.01    5.33 ^ issue_stage_i.i_scoreboard/place23417/A (BUF_X2)
    11   58.57    0.07    0.09    5.43 ^ issue_stage_i.i_scoreboard/place23417/Z (BUF_X2)
                                         issue_stage_i.i_scoreboard/net23416 (net)
                  0.07    0.01    5.43 ^ issue_stage_i.i_scoreboard/_50049_/A1 (OR2_X2)
     4   25.76    0.03    0.06    5.49 ^ issue_stage_i.i_scoreboard/_50049_/ZN (OR2_X2)
                                         issue_stage_i.i_scoreboard/_17733_ (net)
                  0.03    0.01    5.49 ^ issue_stage_i.i_scoreboard/place23248/A (BUF_X1)
    10   34.28    0.08    0.10    5.60 ^ issue_stage_i.i_scoreboard/place23248/Z (BUF_X1)
                                         issue_stage_i.i_scoreboard/net23247 (net)
                  0.08    0.01    5.60 ^ issue_stage_i.i_scoreboard/place23245/A (BUF_X2)
    23   71.56    0.08    0.11    5.71 ^ issue_stage_i.i_scoreboard/place23245/Z (BUF_X2)
                                         issue_stage_i.i_scoreboard/net23244 (net)
                  0.08    0.00    5.72 ^ issue_stage_i.i_scoreboard/place23244/A (BUF_X1)
    12   37.82    0.09    0.12    5.84 ^ issue_stage_i.i_scoreboard/place23244/Z (BUF_X1)
                                         issue_stage_i.i_scoreboard/net23243 (net)
                  0.09    0.00    5.84 ^ issue_stage_i.i_scoreboard/_50182_/A2 (NOR2_X1)
     1    3.64    0.02    0.02    5.86 v issue_stage_i.i_scoreboard/_50182_/ZN (NOR2_X1)
                                         issue_stage_i.i_scoreboard/_17849_ (net)
                  0.02    0.00    5.86 v issue_stage_i.i_scoreboard/_50188_/A (AOI221_X2)
     1    1.75    0.04    0.07    5.93 ^ issue_stage_i.i_scoreboard/_50188_/ZN (AOI221_X2)
                                         issue_stage_i.i_scoreboard/mem_n[511] (net)
                  0.04    0.00    5.93 ^ issue_stage_i.i_scoreboard/mem_q[511]$_DFF_PN0_/D (DFFR_X1)
                                  5.93   data arrival time

                          6.00    6.00   clock core_clock (rise edge)
                          0.00    6.00   clock source latency
     1   53.38    0.00    0.00    6.00 ^ clk_i (in)
                                         clk_i (net)
                  0.02    0.02    6.02 ^ wire38705/A (BUF_X16)
     2   55.41    0.01    0.02    6.04 ^ wire38705/Z (BUF_X16)
                                         net38704 (net)
                  0.02    0.02    6.06 ^ clkbuf_regs_0_core_clock/A (CLKBUF_X3)
     1    1.82    0.01    0.03    6.09 ^ clkbuf_regs_0_core_clock/Z (CLKBUF_X3)
                                         clk_i_regs (net)
                  0.01    0.00    6.09 ^ clkbuf_0_clk_i_regs/A (CLKBUF_X3)
     2   44.68    0.03    0.06    6.15 ^ clkbuf_0_clk_i_regs/Z (CLKBUF_X3)
                                         clknet_0_clk_i_regs (net)
                  0.04    0.01    6.16 ^ clkbuf_1_0_0_clk_i_regs/A (CLKBUF_X3)
     2   23.86    0.02    0.06    6.22 ^ clkbuf_1_0_0_clk_i_regs/Z (CLKBUF_X3)
                                         clknet_1_0_0_clk_i_regs (net)
                  0.02    0.00    6.22 ^ clkbuf_2_1_0_clk_i_regs/A (CLKBUF_X3)
     2   26.71    0.02    0.05    6.27 ^ clkbuf_2_1_0_clk_i_regs/Z (CLKBUF_X3)
                                         clknet_2_1_0_clk_i_regs (net)
                  0.02    0.01    6.28 ^ clkbuf_3_2_0_clk_i_regs/A (CLKBUF_X3)
     2   27.95    0.02    0.05    6.33 ^ clkbuf_3_2_0_clk_i_regs/Z (CLKBUF_X3)
                                         clknet_3_2_0_clk_i_regs (net)
                  0.02    0.00    6.34 ^ clkbuf_4_5_0_clk_i_regs/A (CLKBUF_X3)
     4   28.91    0.02    0.05    6.39 ^ clkbuf_4_5_0_clk_i_regs/Z (CLKBUF_X3)
                                         clknet_4_5_0_clk_i_regs (net)
                  0.02    0.00    6.40 ^ clkbuf_6_23_0_clk_i_regs/A (CLKBUF_X3)
     4   25.64    0.02    0.05    6.45 ^ clkbuf_6_23_0_clk_i_regs/Z (CLKBUF_X3)
                                         clknet_6_23_0_clk_i_regs (net)
                  0.02    0.00    6.45 ^ clkbuf_8_94__f_clk_i_regs/A (CLKBUF_X3)
    13   41.95    0.03    0.07    6.52 ^ clkbuf_8_94__f_clk_i_regs/Z (CLKBUF_X3)
                                         clknet_8_94__leaf_clk_i_regs (net)
                  0.03    0.00    6.52 ^ clkbuf_leaf_988_clk_i_regs/A (CLKBUF_X3)
     7   11.70    0.01    0.05    6.57 ^ clkbuf_leaf_988_clk_i_regs/Z (CLKBUF_X3)
                                         clknet_leaf_988_clk_i_regs (net)
                  0.01    0.00    6.57 ^ issue_stage_i.i_scoreboard/mem_q[511]$_DFF_PN0_/CK (DFFR_X1)
                          0.00    6.57   clock reconvergence pessimism
                         -0.04    6.53   library setup time
                                  6.53   data required time
-----------------------------------------------------------------------------
                                  6.53   data required time
                                 -5.93   data arrival time
-----------------------------------------------------------------------------
                                  0.60   slack (MET)



==========================================================================
finish report_check_types -max_slew -max_cap -max_fanout -violators
--------------------------------------------------------------------------
max capacitance

Pin                                    Limit     Cap   Slack
------------------------------------------------------------
i_cache_subsystem.i_nbdcache/place26005/Z   60.65   72.48  -11.82 (VIOLATED)
i_cache_subsystem.i_icache.sram_block_1__data_sram.genblk1_1__i_ram/place30098/Z   60.65   71.44  -10.78 (VIOLATED)
i_cache_subsystem.i_nbdcache/place25999/Z   60.65   68.13   -7.48 (VIOLATED)
i_cache_subsystem.i_nbdcache/_09660_/ZN   25.33   32.10   -6.77 (VIOLATED)
i_cache_subsystem.i_nbdcache/place25108/Z   60.65   67.22   -6.57 (VIOLATED)
i_cache_subsystem.i_nbdcache/place24729/Z   60.65   67.14   -6.49 (VIOLATED)
i_cache_subsystem.i_nbdcache/place24694/Z   60.65   66.94   -6.29 (VIOLATED)
i_cache_subsystem.i_icache.sram_block_3__tag_sram.genblk1_0__i_ram/_3_/ZN   60.73   66.50   -5.77 (VIOLATED)
place29443/Z                           60.65   66.35   -5.70 (VIOLATED)
i_cache_subsystem.i_nbdcache/place25993/Z   60.65   66.25   -5.60 (VIOLATED)
i_cache_subsystem.i_nbdcache/place25457/Z   60.65   66.20   -5.55 (VIOLATED)
ex_stage_i/lsu_i.i_mmu/place37324/Z    60.65   66.07   -5.42 (VIOLATED)
place29541/Z                           60.65   65.99   -5.34 (VIOLATED)
place29544/Z                           60.65   65.91   -5.26 (VIOLATED)
i_cache_subsystem.i_nbdcache/place26066/Z   60.65   65.81   -5.15 (VIOLATED)
place29460/Z                           60.65   65.67   -5.02 (VIOLATED)
place29456/Z                           60.65   64.88   -4.23 (VIOLATED)
i_cache_subsystem.i_nbdcache/place24708/Z   60.65   64.87   -4.22 (VIOLATED)
i_cache_subsystem.i_nbdcache/i_miss_handler/_13649_/ZN   23.23   27.27   -4.03 (VIOLATED)
place29462/Z                           60.65   64.66   -4.01 (VIOLATED)
i_cache_subsystem.i_nbdcache/place24561/Z   60.65   64.64   -3.99 (VIOLATED)
ex_stage_i/_32796_/ZN                  26.70   30.57   -3.87 (VIOLATED)
i_cache_subsystem.i_nbdcache/_10695_/ZN   22.16   25.90   -3.74 (VIOLATED)
ex_stage_i/lsu_i.i_mmu/_14645_/ZN      24.60   28.31   -3.71 (VIOLATED)
i_cache_subsystem.i_nbdcache/place24467/Z   60.65   64.35   -3.70 (VIOLATED)
i_cache_subsystem.i_nbdcache/place25983/Z   60.65   64.34   -3.69 (VIOLATED)
i_cache_subsystem.i_nbdcache/i_miss_handler/_19014_/ZN   25.33   28.87   -3.54 (VIOLATED)
i_cache_subsystem.i_nbdcache/place25090/Z   60.65   64.14   -3.49 (VIOLATED)
i_cache_subsystem.i_nbdcache/place24984/Z   60.65   63.79   -3.14 (VIOLATED)
i_cache_subsystem.i_nbdcache/place24532/Z   60.65   63.71   -3.06 (VIOLATED)
i_cache_subsystem.i_nbdcache/place26046/Z   60.65   63.60   -2.95 (VIOLATED)
csr_regfile_i/_10418_/ZN               13.81   16.71   -2.90 (VIOLATED)
i_cache_subsystem.i_nbdcache/place24527/Z  121.15  123.98   -2.82 (VIOLATED)
i_cache_subsystem.i_nbdcache/place26011/Z   60.65   63.34   -2.69 (VIOLATED)
ex_stage_i/_32988_/ZN                  13.81   16.32   -2.51 (VIOLATED)
i_cache_subsystem.i_nbdcache/i_miss_handler/_19006_/ZN   25.33   27.77   -2.44 (VIOLATED)
i_cache_subsystem.i_icache.sram_block_1__tag_sram.genblk1_0__i_ram/_3_/ZN   60.73   63.16   -2.43 (VIOLATED)
i_cache_subsystem.i_nbdcache/place25118/Z   60.65   63.05   -2.39 (VIOLATED)
i_cache_subsystem.i_nbdcache/_12218_/ZN   26.05   28.32   -2.26 (VIOLATED)
i_cache_subsystem.i_nbdcache/i_miss_handler/_14516_/ZN   23.23   25.47   -2.24 (VIOLATED)
i_cache_subsystem.i_nbdcache/place25038/Z   60.65   62.87   -2.22 (VIOLATED)
place29470/Z                           60.65   62.86   -2.21 (VIOLATED)
ex_stage_i/_32041_/Z                   25.33   27.53   -2.20 (VIOLATED)
issue_stage_i.i_scoreboard/place25387/Z   60.65   62.73   -2.08 (VIOLATED)
issue_stage_i.i_issue_read_operands/_22809_/ZN   13.81   15.85   -2.04 (VIOLATED)
csr_regfile_i/_13170_/ZN               23.23   25.23   -2.00 (VIOLATED)
csr_regfile_i/_10767_/ZN               16.02   18.00   -1.98 (VIOLATED)
i_cache_subsystem.i_nbdcache/place26029/Z   60.65   62.62   -1.97 (VIOLATED)
ex_stage_i/lsu_i.i_mmu/_18336_/ZN      24.60   26.55   -1.95 (VIOLATED)
csr_regfile_i/_08651_/ZN               31.74   33.62   -1.88 (VIOLATED)
i_cache_subsystem.i_nbdcache/place24626/Z   60.65   62.52   -1.86 (VIOLATED)
i_cache_subsystem.i_nbdcache/i_miss_handler/_13981_/ZN   23.23   25.03   -1.80 (VIOLATED)
i_cache_subsystem.i_nbdcache/place24746/Z   60.65   62.42   -1.76 (VIOLATED)
csr_regfile_i/_11289_/ZN               26.70   28.30   -1.59 (VIOLATED)
i_cache_subsystem.i_nbdcache/_06910_/ZN   16.02   17.48   -1.46 (VIOLATED)
csr_regfile_i/_08797_/ZN               26.70   28.10   -1.40 (VIOLATED)
issue_stage_i.i_issue_read_operands/_13998_/ZN   20.90   22.23   -1.32 (VIOLATED)
i_cache_subsystem.i_nbdcache/place24679/Z   60.65   61.97   -1.32 (VIOLATED)
ex_stage_i/lsu_i.i_mmu/_14663_/ZN      24.60   25.88   -1.27 (VIOLATED)
ex_stage_i/_36115_/ZN                  92.47   93.73   -1.26 (VIOLATED)
i_cache_subsystem.i_nbdcache/_10461_/ZN   22.16   23.39   -1.23 (VIOLATED)
ex_stage_i/_32925_/ZN                  27.62   28.80   -1.18 (VIOLATED)
i_cache_subsystem.i_nbdcache/place25083/Z   60.65   61.84   -1.18 (VIOLATED)
i_cache_subsystem.i_nbdcache/place25458/Z   60.65   61.80   -1.14 (VIOLATED)
i_cache_subsystem.i_nbdcache/place25049/Z   60.65   61.78   -1.12 (VIOLATED)
i_cache_subsystem.i_nbdcache/_10639_/ZN   22.16   23.24   -1.07 (VIOLATED)
i_cache_subsystem.i_nbdcache/place26035/Z   60.65   61.69   -1.03 (VIOLATED)
csr_regfile_i/_09714_/ZN               24.60   25.63   -1.03 (VIOLATED)
i_cache_subsystem.i_nbdcache/place25193/Z   60.65   61.66   -1.01 (VIOLATED)
i_cache_subsystem.i_icache.sram_block_1__data_sram.genblk1_1__i_ram/place30096/Z   60.65   61.66   -1.01 (VIOLATED)
_10291_/ZN                             25.33   26.31   -0.98 (VIOLATED)
i_frontend/_35287_/Z                   25.33   26.26   -0.93 (VIOLATED)
place29531/Z                           60.65   61.55   -0.90 (VIOLATED)
i_cache_subsystem.i_nbdcache/_10398_/ZN   22.16   23.05   -0.89 (VIOLATED)
i_cache_subsystem.i_nbdcache/sram_block_3__tag_sram.genblk1_0__i_ram/_2_/ZN   60.73   61.56   -0.83 (VIOLATED)
i_cache_subsystem.i_nbdcache/place25024/Z   60.65   61.47   -0.82 (VIOLATED)
issue_stage_i.i_issue_read_operands/_23325_/ZN   26.05   26.86   -0.80 (VIOLATED)
place29538/Z                           60.65   61.45   -0.80 (VIOLATED)
issue_stage_i.i_issue_read_operands/_23524_/ZN   20.90   21.65   -0.74 (VIOLATED)
ex_stage_i/lsu_i.i_mmu/_14630_/ZN      24.60   25.32   -0.71 (VIOLATED)
i_frontend/_37747_/ZN                  10.47   11.15   -0.68 (VIOLATED)
ex_stage_i/lsu_i.i_mmu/place37312/Z    60.65   61.32   -0.66 (VIOLATED)
i_cache_subsystem.i_nbdcache/place25087/Z   60.65   61.28   -0.63 (VIOLATED)
issue_stage_i.i_scoreboard/_57406_/ZN   28.99   29.61   -0.62 (VIOLATED)
csr_regfile_i/_10008_/ZN               13.81   14.40   -0.60 (VIOLATED)
issue_stage_i.i_issue_read_operands/_20984_/ZN   13.81   14.40   -0.59 (VIOLATED)
csr_regfile_i/_15911_/ZN               26.70   27.07   -0.37 (VIOLATED)
i_cache_subsystem.i_nbdcache/i_miss_handler/_20447_/ZN   16.02   16.36   -0.34 (VIOLATED)
place38220/Z                           60.65   60.94   -0.28 (VIOLATED)
_10310_/ZN                             25.33   25.55   -0.22 (VIOLATED)
i_cache_subsystem.i_nbdcache/i_miss_handler/_12454_/ZN   53.41   53.58   -0.18 (VIOLATED)
csr_regfile_i/_08606_/ZN               25.33   25.46   -0.13 (VIOLATED)
i_perf_counters/_06743_/ZN             13.01   13.10   -0.09 (VIOLATED)
i_cache_subsystem.i_nbdcache/place25153/Z   60.65   60.72   -0.07 (VIOLATED)
ex_stage_i/_21209_/ZN                  60.73   60.78   -0.05 (VIOLATED)
i_cache_subsystem.i_nbdcache/i_miss_handler/_18972_/ZN   25.33   25.34   -0.01 (VIOLATED)


==========================================================================
finish max_slew_check_slack
--------------------------------------------------------------------------
0.04212086275219917

==========================================================================
finish max_slew_check_limit
--------------------------------------------------------------------------
0.1985349953174591

==========================================================================
finish max_slew_check_slack_limit
--------------------------------------------------------------------------
0.2122

==========================================================================
finish max_fanout_check_slack
--------------------------------------------------------------------------
1.0000000150474662e+30

==========================================================================
finish max_fanout_check_limit
--------------------------------------------------------------------------
1.0000000150474662e+30

==========================================================================
finish max_capacitance_check_slack
--------------------------------------------------------------------------
-11.821401596069336

==========================================================================
finish max_capacitance_check_limit
--------------------------------------------------------------------------
60.65370559692383

==========================================================================
finish max_capacitance_check_slack_limit
--------------------------------------------------------------------------
-0.1949

==========================================================================
finish max_slew_violation_count
--------------------------------------------------------------------------
max slew violation count 0

==========================================================================
finish max_fanout_violation_count
--------------------------------------------------------------------------
max fanout violation count 0

==========================================================================
finish max_cap_violation_count
--------------------------------------------------------------------------
max cap violation count 96

==========================================================================
finish setup_violation_count
--------------------------------------------------------------------------
setup violation count 0

==========================================================================
finish hold_violation_count
--------------------------------------------------------------------------
hold violation count 1

==========================================================================
finish report_checks -path_delay max reg to reg
--------------------------------------------------------------------------
Startpoint: issue_stage_i.i_scoreboard/commit_pointer_q[2]$_DFF_PN0_
            (rising edge-triggered flip-flop clocked by core_clock)
Endpoint: issue_stage_i.i_scoreboard/mem_q[511]$_DFF_PN0_
          (rising edge-triggered flip-flop clocked by core_clock)
Path Group: core_clock
Path Type: max

  Delay    Time   Description
---------------------------------------------------------
   0.00    0.00   clock core_clock (rise edge)
   0.00    0.00   clock source latency
   0.00    0.00 ^ clk_i (in)
   0.04    0.04 ^ wire38705/Z (BUF_X16)
   0.05    0.09 ^ clkbuf_regs_0_core_clock/Z (CLKBUF_X3)
   0.06    0.15 ^ clkbuf_0_clk_i_regs/Z (CLKBUF_X3)
   0.07    0.22 ^ clkbuf_1_0_0_clk_i_regs/Z (CLKBUF_X3)
   0.06    0.27 ^ clkbuf_2_1_0_clk_i_regs/Z (CLKBUF_X3)
   0.06    0.33 ^ clkbuf_3_3_0_clk_i_regs/Z (CLKBUF_X3)
   0.06    0.40 ^ clkbuf_4_6_0_clk_i_regs/Z (CLKBUF_X3)
   0.08    0.47 ^ clkbuf_6_26_0_clk_i_regs/Z (CLKBUF_X3)
   0.11    0.59 ^ clkbuf_8_106__f_clk_i_regs/Z (CLKBUF_X3)
   0.06    0.65 ^ clkbuf_leaf_566_clk_i_regs/Z (CLKBUF_X3)
   0.00    0.65 ^ issue_stage_i.i_scoreboard/commit_pointer_q[2]$_DFF_PN0_/CK (DFFR_X2)
   0.16    0.81 ^ issue_stage_i.i_scoreboard/commit_pointer_q[2]$_DFF_PN0_/Q (DFFR_X2)
   0.09    0.90 ^ issue_stage_i.i_scoreboard/place34804/Z (BUF_X2)
   0.14    1.03 ^ issue_stage_i.i_scoreboard/_30490_/ZN (AND2_X2)
   0.12    1.15 ^ issue_stage_i.i_scoreboard/place32297/Z (BUF_X2)
   0.02    1.17 v issue_stage_i.i_scoreboard/_33331_/ZN (NAND2_X1)
   0.03    1.20 ^ issue_stage_i.i_scoreboard/_33333_/ZN (AOI21_X1)
   0.02    1.22 v issue_stage_i.i_scoreboard/_33335_/ZN (AOI21_X1)
   0.03    1.25 ^ issue_stage_i.i_scoreboard/_33336_/ZN (OAI21_X1)
   0.04    1.29 ^ issue_stage_i.i_scoreboard/_33337_/Z (MUX2_X1)
   0.04    1.33 ^ issue_stage_i.i_scoreboard/_33338_/Z (MUX2_X1)
   0.03    1.36 ^ issue_stage_i.i_scoreboard/_33339_/Z (MUX2_X1)
   0.08    1.44 ^ issue_stage_i.i_scoreboard/_33340_/Z (MUX2_X1)
   0.04    1.48 ^ _05180_/ZN (AND2_X1)
   0.02    1.50 v _05182_/ZN (OAI21_X1)
   0.03    1.54 ^ _05183_/ZN (AOI21_X1)
   0.04    1.58 v _05188_/ZN (AOI22_X1)
   0.07    1.65 ^ _05204_/ZN (NOR2_X1)
   0.07    1.71 v _05227_/ZN (OAI21_X1)
   0.08    1.80 ^ _09239_/ZN (NOR2_X4)
   0.10    1.89 ^ _09244_/ZN (AND2_X1)
   0.03    1.92 v csr_regfile_i/_09095_/ZN (INV_X1)
   0.03    1.95 ^ csr_regfile_i/_09096_/ZN (NAND2_X1)
   0.02    1.97 v csr_regfile_i/_09097_/ZN (OAI21_X1)
   0.06    2.02 v csr_regfile_i/place27125/Z (BUF_X1)
   0.04    2.06 ^ csr_regfile_i/_09105_/ZN (NAND4_X1)
   0.02    2.08 v csr_regfile_i/_09106_/ZN (NOR4_X1)
   0.14    2.22 ^ csr_regfile_i/_09148_/ZN (NOR4_X2)
   0.04    2.26 v csr_regfile_i/_09149_/ZN (NOR2_X1)
   0.14    2.40 ^ csr_regfile_i/_09150_/ZN (NOR2_X1)
   0.08    2.47 v _05199_/ZN (NAND3_X1)
   0.07    2.54 v _09351_/ZN (OR2_X1)
   0.09    2.63 ^ _09353_/ZN (NAND2_X2)
   0.05    2.68 v _09487_/ZN (AOI22_X1)
   0.09    2.77 ^ _09488_/ZN (NOR2_X1)
   0.06    2.83 ^ csr_regfile_i/_09566_/ZN (AND2_X1)
   0.02    2.85 v csr_regfile_i/_13832_/ZN (NAND3_X1)
   0.06    2.91 ^ csr_regfile_i/_13836_/ZN (NOR3_X1)
   0.07    2.98 v csr_regfile_i/_13837_/ZN (NAND4_X1)
   0.07    3.05 v csr_regfile_i/place25218/Z (BUF_X1)
   0.04    3.09 ^ csr_regfile_i/_13864_/ZN (NOR2_X1)
   0.02    3.12 v csr_regfile_i/_16297_/ZN (OAI21_X1)
   0.04    3.15 ^ csr_regfile_i/_16298_/ZN (OAI21_X2)
   0.03    3.18 v _06262_/ZN (NOR3_X1)
   0.03    3.20 ^ _06263_/ZN (NAND2_X4)
   0.09    3.30 ^ place24196/Z (BUF_X2)
   0.05    3.35 v ex_stage_i/_23031_/ZN (INV_X1)
   0.04    3.39 ^ ex_stage_i/_30666_/ZN (AOI21_X2)
   0.03    3.42 v ex_stage_i/_31507_/ZN (NOR2_X2)
   0.05    3.47 v ex_stage_i/place24137/Z (BUF_X2)
   0.13    3.60 ^ ex_stage_i/_33895_/Z (MUX2_X2)
   0.14    3.74 ^ issue_stage_i.i_scoreboard/place24093/Z (BUF_X1)
   0.06    3.79 ^ issue_stage_i.i_scoreboard/_56277_/Z (MUX2_X1)
   0.01    3.81 v issue_stage_i.i_scoreboard/_56278_/ZN (NAND2_X1)
   0.06    3.87 ^ issue_stage_i.i_scoreboard/_56279_/ZN (AOI21_X1)
   0.04    3.91 ^ issue_stage_i.i_scoreboard/_57497_/ZN (OR4_X1)
   0.03    3.94 v issue_stage_i.i_scoreboard/_57498_/ZN (NAND4_X1)
   0.11    4.05 ^ issue_stage_i.i_scoreboard/_57499_/ZN (NOR4_X1)
   0.08    4.14 ^ issue_stage_i.i_scoreboard/_57505_/ZN (AND4_X1)
   0.06    4.20 v issue_stage_i.i_scoreboard/_57517_/ZN (AOI21_X1)
   0.11    4.30 ^ issue_stage_i.i_scoreboard/_57558_/ZN (NOR2_X1)
   0.04    4.34 v issue_stage_i.i_scoreboard/_57559_/ZN (OAI21_X1)
   0.09    4.44 ^ issue_stage_i.i_scoreboard/_58539_/ZN (AOI22_X1)
   0.03    4.47 v issue_stage_i.i_issue_read_operands/_14717_/ZN (INV_X1)
   0.06    4.53 ^ issue_stage_i.i_issue_read_operands/_14739_/ZN (AOI21_X1)
   0.08    4.60 v issue_stage_i.i_issue_read_operands/_15440_/ZN (OAI222_X2)
   0.04    4.64 ^ issue_stage_i.i_issue_read_operands/_15444_/ZN (AOI21_X1)
   0.08    4.72 ^ issue_stage_i.i_scoreboard/place23937/Z (BUF_X1)
   0.06    4.78 ^ issue_stage_i.i_scoreboard/_29256_/ZN (AND2_X1)
   0.09    4.87 v issue_stage_i.i_scoreboard/_29257_/ZN (NAND4_X4)
   0.09    4.96 v issue_stage_i.i_scoreboard/place23911/Z (BUF_X1)
   0.07    5.03 ^ issue_stage_i.i_scoreboard/_29352_/Z (MUX2_X1)
   0.02    5.05 v issue_stage_i.i_scoreboard/_29353_/ZN (INV_X1)
   0.09    5.13 ^ issue_stage_i.i_scoreboard/_40444_/ZN (AOI221_X1)
   0.04    5.17 v issue_stage_i.i_scoreboard/_40446_/ZN (AOI222_X1)
   0.06    5.23 v issue_stage_i.i_scoreboard/_40448_/ZN (AND4_X1)
   0.09    5.33 ^ issue_stage_i.i_scoreboard/_40449_/ZN (NOR3_X4)
   0.10    5.43 ^ issue_stage_i.i_scoreboard/place23417/Z (BUF_X2)
   0.06    5.49 ^ issue_stage_i.i_scoreboard/_50049_/ZN (OR2_X2)
   0.11    5.60 ^ issue_stage_i.i_scoreboard/place23248/Z (BUF_X1)
   0.12    5.71 ^ issue_stage_i.i_scoreboard/place23245/Z (BUF_X2)
   0.12    5.84 ^ issue_stage_i.i_scoreboard/place23244/Z (BUF_X1)
   0.02    5.86 v issue_stage_i.i_scoreboard/_50182_/ZN (NOR2_X1)
   0.07    5.93 ^ issue_stage_i.i_scoreboard/_50188_/ZN (AOI221_X2)
   0.00    5.93 ^ issue_stage_i.i_scoreboard/mem_q[511]$_DFF_PN0_/D (DFFR_X1)
           5.93   data arrival time

   6.00    6.00   clock core_clock (rise edge)
   0.00    6.00   clock source latency
   0.00    6.00 ^ clk_i (in)
   0.04    6.04 ^ wire38705/Z (BUF_X16)
   0.05    6.09 ^ clkbuf_regs_0_core_clock/Z (CLKBUF_X3)
   0.06    6.15 ^ clkbuf_0_clk_i_regs/Z (CLKBUF_X3)
   0.07    6.22 ^ clkbuf_1_0_0_clk_i_regs/Z (CLKBUF_X3)
   0.06    6.27 ^ clkbuf_2_1_0_clk_i_regs/Z (CLKBUF_X3)
   0.06    6.33 ^ clkbuf_3_2_0_clk_i_regs/Z (CLKBUF_X3)
   0.06    6.39 ^ clkbuf_4_5_0_clk_i_regs/Z (CLKBUF_X3)
   0.06    6.45 ^ clkbuf_6_23_0_clk_i_regs/Z (CLKBUF_X3)
   0.07    6.52 ^ clkbuf_8_94__f_clk_i_regs/Z (CLKBUF_X3)
   0.05    6.57 ^ clkbuf_leaf_988_clk_i_regs/Z (CLKBUF_X3)
   0.00    6.57 ^ issue_stage_i.i_scoreboard/mem_q[511]$_DFF_PN0_/CK (DFFR_X1)
   0.00    6.57   clock reconvergence pessimism
  -0.04    6.53   library setup time
           6.53   data required time
---------------------------------------------------------
           6.53   data required time
          -5.93   data arrival time
---------------------------------------------------------
           0.60   slack (MET)



==========================================================================
finish report_checks -path_delay min reg to reg
--------------------------------------------------------------------------
Startpoint: id_stage_i.issue_entry_o[322]$_DFFE_PN0P_
            (rising edge-triggered flip-flop clocked by core_clock)
Endpoint: issue_stage_i.i_issue_read_operands/fu_data_o[155]$_DFF_PN0_
          (rising edge-triggered flip-flop clocked by core_clock)
Path Group: core_clock
Path Type: min

  Delay    Time   Description
---------------------------------------------------------
   0.00    0.00   clock core_clock (rise edge)
   0.00    0.00   clock source latency
   0.00    0.00 ^ clk_i (in)
   0.04    0.04 ^ wire38705/Z (BUF_X16)
   0.05    0.09 ^ clkbuf_regs_0_core_clock/Z (CLKBUF_X3)
   0.06    0.15 ^ clkbuf_0_clk_i_regs/Z (CLKBUF_X3)
   0.07    0.22 ^ clkbuf_1_0_0_clk_i_regs/Z (CLKBUF_X3)
   0.06    0.27 ^ clkbuf_2_0_0_clk_i_regs/Z (CLKBUF_X3)
   0.05    0.32 ^ clkbuf_3_1_0_clk_i_regs/Z (CLKBUF_X3)
   0.06    0.38 ^ clkbuf_4_3_0_clk_i_regs/Z (CLKBUF_X3)
   0.06    0.44 ^ clkbuf_6_14_0_clk_i_regs/Z (CLKBUF_X3)
   0.07    0.51 ^ clkbuf_8_59__f_clk_i_regs/Z (CLKBUF_X3)
   0.05    0.55 ^ clkbuf_leaf_513_clk_i_regs/Z (CLKBUF_X3)
   0.00    0.55 ^ id_stage_i.issue_entry_o[322]$_DFFE_PN0P_/CK (DFFR_X1)
   0.11    0.67 v id_stage_i.issue_entry_o[322]$_DFFE_PN0P_/Q (DFFR_X1)
   0.03    0.70 ^ issue_stage_i.i_issue_read_operands/_21116_/ZN (INV_X1)
   0.01    0.71 v issue_stage_i.i_issue_read_operands/_21145_/ZN (OAI22_X1)
   0.00    0.71 v issue_stage_i.i_issue_read_operands/fu_data_o[155]$_DFF_PN0_/D (DFFR_X1)
           0.71   data arrival time

   0.00    0.00   clock core_clock (rise edge)
   0.00    0.00   clock source latency
   0.00    0.00 ^ clk_i (in)
   0.04    0.04 ^ wire38705/Z (BUF_X16)
   0.05    0.09 ^ clkbuf_regs_0_core_clock/Z (CLKBUF_X3)
   0.06    0.15 ^ clkbuf_0_clk_i_regs/Z (CLKBUF_X3)
   0.07    0.22 ^ clkbuf_1_0_0_clk_i_regs/Z (CLKBUF_X3)
   0.06    0.27 ^ clkbuf_2_1_0_clk_i_regs/Z (CLKBUF_X3)
   0.06    0.33 ^ clkbuf_3_3_0_clk_i_regs/Z (CLKBUF_X3)
   0.06    0.40 ^ clkbuf_4_6_0_clk_i_regs/Z (CLKBUF_X3)
   0.08    0.47 ^ clkbuf_6_26_0_clk_i_regs/Z (CLKBUF_X3)
   0.11    0.59 ^ clkbuf_8_106__f_clk_i_regs/Z (CLKBUF_X3)
   0.06    0.65 ^ clkbuf_leaf_565_clk_i_regs/Z (CLKBUF_X3)
   0.00    0.65 ^ issue_stage_i.i_issue_read_operands/fu_data_o[155]$_DFF_PN0_/CK (DFFR_X1)
   0.00    0.65   clock reconvergence pessimism
   0.01    0.65   library hold time
           0.65   data required time
---------------------------------------------------------
           0.65   data required time
          -0.71   data arrival time
---------------------------------------------------------
           0.05   slack (MET)



==========================================================================
finish critical path target clock latency max path
--------------------------------------------------------------------------
0.5314

==========================================================================
finish critical path target clock latency min path
--------------------------------------------------------------------------
0.5817

==========================================================================
finish critical path source clock latency min path
--------------------------------------------------------------------------
0.0000

==========================================================================
finish critical path delay
--------------------------------------------------------------------------
5.9294

==========================================================================
finish critical path slack
--------------------------------------------------------------------------
0.5974

==========================================================================
finish slack div critical path delay
--------------------------------------------------------------------------
10.075218

==========================================================================
finish report_power
--------------------------------------------------------------------------
Group                  Internal  Switching    Leakage      Total
                          Power      Power      Power      Power (Watts)
----------------------------------------------------------------
Sequential             2.50e-02   7.98e-04   1.67e-03   2.74e-02  18.0%
Combinational          4.11e-03   1.02e-02   4.50e-03   1.88e-02  12.3%
Clock                  8.76e-03   1.09e-02   1.72e-04   1.99e-02  13.0%
Macro                  6.35e-02   0.00e+00   2.31e-02   8.66e-02  56.7%
Pad                    0.00e+00   0.00e+00   0.00e+00   0.00e+00   0.0%
----------------------------------------------------------------
Total                  1.01e-01   2.19e-02   2.94e-02   1.53e-01 100.0%
                          66.4%      14.3%      19.3%
